DR_NO,Date Rptd,DATE OCC,TIME OCC,AREA,AREA NAME,Rpt Dist No,Part 1-2,Crm Cd
190326475,03/01/2020 12:00:00 AM,03/01/2020 12:00:00 AM,2130,7,Wilshire,784,1,510
200106753,02/09/2020 12:00:00 AM,02/08/2020 12:00:00 AM,1800,1,Central,182,1,330
200320258,11/11/2020 12:00:00 AM,11/04/2020 12:00:00 AM,1700,3,Southwest,356,1,480
200907217,05/10/2023 12:00:00 AM,03/10/2020 12:00:00 AM,2037,9,Van Nuys,964,1,343
220614831,08/18/2022 12:00:00 AM,08/17/2020 12:00:00 AM,1200,6,Hollywood,666,2,354
231808869,04/04/2023 12:00:00 AM,12/01/2020 12:00:00 AM,2300,18,Southeast,1826,2,354
230110144,04/04/2023 12:00:00 AM,07/03/2020 12:00:00 AM,900,1,Central,182,2,354
220314085,07/22/2022 12:00:00 AM,05/12/2020 12:00:00 AM,1110,3,Southwest,303,2,354
231309864,04/28/2023 12:00:00 AM,12/09/2020 12:00:00 AM,1400,13,Newton,1375,2,354
211904005,12/31/2020 12:00:00 AM,12/31/2020 12:00:00 AM,1220,19,Mission,1974,2,624
221804943,01/21/2022 12:00:00 AM,07/01/2020 12:00:00 AM,1335,18,Southeast,1822,2,354
221908151,04/12/2022 12:00:00 AM,10/01/2020 12:00:00 AM,1,19,Mission,1988,1,821
230204214,01/05/2023 12:00:00 AM,02/01/2020 12:00:00 AM,800,2,Rampart,201,2,812
221008844,05/06/2022 12:00:00 AM,11/01/2020 12:00:00 AM,130,10,West Valley,1029,1,510
230207571,03/16/2023 12:00:00 AM,01/01/2020 12:00:00 AM,1500,2,Rampart,271,2,810
230312288,06/01/2023 12:00:00 AM,02/02/2020 12:00:00 AM,315,3,Southwest,391,2,354
231805781,02/03/2023 12:00:00 AM,07/01/2020 12:00:00 AM,805,18,Southeast,1802,2,354
231322474,12/24/2023 12:00:00 AM,01/09/2020 12:00:00 AM,1200,13,Newton,1354,2,354
210705560,11/27/2020 12:00:00 AM,11/27/2020 12:00:00 AM,1800,7,Wilshire,776,1,230
221016258,09/20/2022 12:00:00 AM,01/01/2020 12:00:00 AM,1,10,West Valley,1067,2,956
220705246,02/03/2022 12:00:00 AM,02/11/2020 12:00:00 AM,1200,7,Wilshire,747,1,341
230808643,04/25/2023 12:00:00 AM,01/01/2020 12:00:00 AM,800,8,West LA,801,1,341
231907172,03/21/2023 12:00:00 AM,03/15/2020 12:00:00 AM,1200,19,Mission,1983,2,812
232011098,06/04/2023 12:00:00 AM,07/01/2020 12:00:00 AM,1200,20,Olympic,2088,2,812
200412582,09/09/2020 12:00:00 AM,09/09/2020 12:00:00 AM,630,4,Hollenbeck,413,1,510
232112438,08/03/2023 12:00:00 AM,07/01/2020 12:00:00 AM,1200,21,Topanga,2157,2,354
221105176,02/02/2022 12:00:00 AM,02/09/2020 12:00:00 AM,1200,11,Northeast,1132,2,930
222106031,02/23/2022 12:00:00 AM,08/14/2020 12:00:00 AM,1300,21,Topanga,2113,2,668
211209197,03/20/2021 12:00:00 AM,07/01/2020 12:00:00 AM,1425,12,77th Street,1243,2,354
220808837,04/28/2022 12:00:00 AM,03/30/2020 12:00:00 AM,1630,8,West LA,842,2,624
231207725,02/27/2023 12:00:00 AM,01/27/2020 12:00:00 AM,635,12,77th Street,1242,2,354
231205231,01/17/2023 12:00:00 AM,01/01/2020 12:00:00 AM,1535,12,77th Street,1268,2,354
231108757,05/09/2023 12:00:00 AM,05/08/2020 12:00:00 AM,2023,11,Northeast,1101,1,330
221404806,01/19/2022 12:00:00 AM,01/18/2020 12:00:00 AM,1600,14,Pacific,1446,1,420
220215983,09/06/2022 12:00:00 AM,05/26/2020 12:00:00 AM,1200,2,Rampart,233,1,420
211220472,09/27/2021 12:00:00 AM,11/26/2020 12:00:00 AM,2000,12,77th Street,1259,2,930
211818877,10/22/2021 12:00:00 AM,03/10/2020 12:00:00 AM,1500,18,Southeast,1801,2,354
221515929,10/10/2022 12:00:00 AM,04/01/2020 12:00:00 AM,1200,15,N Hollywood,1539,2,354
230406865,03/28/2023 12:00:00 AM,06/28/2020 12:00:00 AM,1250,4,Hollenbeck,478,2,354
231915767,10/25/2023 12:00:00 AM,09/02/2020 12:00:00 AM,1,19,Mission,1985,2,354
221016530,11/15/2022 12:00:00 AM,10/23/2020 12:00:00 AM,1735,10,West Valley,1045,2,354
231210407,04/18/2023 12:00:00 AM,01/01/2020 12:00:00 AM,1,12,77th Street,1259,2,354
220208037,03/30/2022 12:00:00 AM,01/01/2020 12:00:00 AM,800,2,Rampart,249,2,813
221504294,01/06/2022 12:00:00 AM,10/30/2020 12:00:00 AM,1,15,N Hollywood,1535,2,812
221312369,06/03/2022 12:00:00 AM,12/10/2020 12:00:00 AM,700,13,Newton,1333,2,354
220911866,07/26/2022 12:00:00 AM,02/01/2020 12:00:00 AM,505,9,Van Nuys,971,2,354
231906599,03/03/2023 12:00:00 AM,01/14/2020 12:00:00 AM,1335,19,Mission,1902,2,354
230610629,06/02/2023 12:00:00 AM,05/31/2020 12:00:00 AM,430,6,Hollywood,645,1,310
220321807,12/13/2022 12:00:00 AM,05/17/2020 12:00:00 AM,1620,3,Southwest,317,2,354
221216052,07/07/2022 12:00:00 AM,02/23/2020 12:00:00 AM,1000,12,77th Street,1256,2,354
241504067,01/02/2024 12:00:00 AM,12/29/2020 12:00:00 AM,750,15,N Hollywood,1555,2,903
220508440,04/27/2022 12:00:00 AM,07/07/2020 12:00:00 AM,1200,5,Harbor,585,1,341
220213256,07/14/2022 12:00:00 AM,07/14/2020 12:00:00 AM,900,2,Rampart,257,2,354
221607555,04/22/2022 12:00:00 AM,08/01/2020 12:00:00 AM,1200,16,Foothill,1612,2,354
221516944,11/03/2022 12:00:00 AM,06/01/2020 12:00:00 AM,1200,15,N Hollywood,1517,2,354
230617817,11/14/2023 12:00:00 AM,11/13/2020 12:00:00 AM,2015,6,Hollywood,622,1,420
231115685,11/12/2023 12:00:00 AM,11/12/2020 12:00:00 AM,1430,11,Northeast,1123,1,440
231707687,04/04/2023 12:00:00 AM,05/08/2020 12:00:00 AM,1845,17,Devonshire,1745,2,354
230711357,06/26/2023 12:00:00 AM,01/01/2020 12:00:00 AM,1,7,Wilshire,774,2,354
220409258,05/29/2022 12:00:00 AM,03/29/2020 12:00:00 AM,1315,4,Hollenbeck,467,2,354
220119956,09/06/2022 12:00:00 AM,07/01/2020 12:00:00 AM,1130,1,Central,162,2,354
240604173,01/05/2024 12:00:00 AM,07/09/2020 12:00:00 AM,1230,6,Hollywood,637,2,354
220104934,01/17/2022 12:00:00 AM,12/20/2020 12:00:00 AM,1730,1,Central,158,1,341
230817493,11/27/2023 12:00:00 AM,09/13/2020 12:00:00 AM,2100,8,West LA,829,2,626
221718084,12/20/2022 12:00:00 AM,12/02/2020 12:00:00 AM,1510,17,Devonshire,1764,1,440
221110929,06/28/2022 12:00:00 AM,06/27/2020 12:00:00 AM,1945,11,Northeast,1113,1,330
231711735,06/07/2023 12:00:00 AM,09/02/2020 12:00:00 AM,800,17,Devonshire,1775,2,354
231912127,07/26/2023 12:00:00 AM,01/26/2020 12:00:00 AM,1735,19,Mission,1913,2,354
231818830,11/01/2023 12:00:00 AM,01/01/2020 12:00:00 AM,1,18,Southeast,1841,2,762
221710268,06/21/2022 12:00:00 AM,05/20/2020 12:00:00 AM,600,17,Devonshire,1767,1,441
231007464,03/30/2023 12:00:00 AM,06/25/2020 12:00:00 AM,1225,10,West Valley,1015,2,354
221917823,12/12/2022 12:00:00 AM,04/05/2020 12:00:00 AM,1550,19,Mission,1921,2,354
211404152,01/04/2021 12:00:00 AM,12/28/2020 12:00:00 AM,1600,14,Pacific,1463,1,310
231205374,01/25/2023 12:00:00 AM,10/12/2020 12:00:00 AM,1200,12,77th Street,1263,2,354
231505589,02/08/2023 12:00:00 AM,09/01/2020 12:00:00 AM,1200,15,N Hollywood,1557,2,812
231420506,11/06/2023 12:00:00 AM,04/02/2020 12:00:00 AM,1825,14,Pacific,1445,2,354
221508505,04/20/2022 12:00:00 AM,12/31/2020 12:00:00 AM,1200,15,N Hollywood,1525,1,420
231817823,10/13/2023 12:00:00 AM,08/23/2020 12:00:00 AM,1,18,Southeast,1846,2,354
231212586,05/24/2023 12:00:00 AM,06/03/2020 12:00:00 AM,2150,12,77th Street,1241,2,354
220309099,04/14/2022 12:00:00 AM,06/23/2020 12:00:00 AM,1530,3,Southwest,311,2,354
230810411,06/02/2023 12:00:00 AM,05/28/2020 12:00:00 AM,609,8,West LA,827,2,930
201810154,04/26/2020 12:00:00 AM,04/22/2020 12:00:00 AM,1900,18,Southeast,1802,1,510
221412410,06/15/2022 12:00:00 AM,11/12/2020 12:00:00 AM,1700,14,Pacific,1444,1,420
211505284,02/02/2021 12:00:00 AM,12/27/2020 12:00:00 AM,2000,15,N Hollywood,1585,1,330
220209598,04/25/2022 12:00:00 AM,12/29/2020 12:00:00 AM,800,2,Rampart,238,2,956
220316688,09/12/2022 12:00:00 AM,09/11/2020 12:00:00 AM,2100,3,Southwest,357,1,331
231814007,07/27/2023 12:00:00 AM,10/27/2020 12:00:00 AM,915,18,Southeast,1849,2,354
221209581,04/07/2022 12:00:00 AM,01/01/2020 12:00:00 AM,800,12,77th Street,1215,2,812
220917870,12/31/2022 12:00:00 AM,03/16/2020 12:00:00 AM,1025,9,Van Nuys,929,2,354
221017007,11/28/2022 12:00:00 AM,04/23/2020 12:00:00 AM,1,10,West Valley,1041,2,354
232112058,07/25/2023 12:00:00 AM,04/26/2020 12:00:00 AM,2110,21,Topanga,2198,2,956
220313293,07/06/2022 12:00:00 AM,06/30/2020 12:00:00 AM,1400,3,Southwest,396,2,626
220320985,07/07/2023 12:00:00 AM,01/01/2020 12:00:00 AM,1200,3,Southwest,311,2,813
221909318,05/09/2022 12:00:00 AM,05/08/2020 12:00:00 AM,1120,19,Mission,1954,1,330
231510293,05/27/2023 12:00:00 AM,11/24/2020 12:00:00 AM,200,15,N Hollywood,1504,1,510
230714162,09/02/2023 12:00:00 AM,08/03/2020 12:00:00 AM,1908,7,Wilshire,783,2,354
221110658,06/21/2022 12:00:00 AM,02/28/2020 12:00:00 AM,1625,11,Northeast,1144,2,354
220207597,03/21/2022 12:00:00 AM,10/01/2020 12:00:00 AM,2200,2,Rampart,291,1,210
221713038,08/31/2022 12:00:00 AM,03/10/2020 12:00:00 AM,1800,17,Devonshire,1767,2,662
221105273,02/04/2022 12:00:00 AM,02/02/2020 12:00:00 AM,1200,11,Northeast,1179,1,420
230710696,06/11/2023 12:00:00 AM,12/17/2020 12:00:00 AM,1,7,Wilshire,722,2,354
231510050,05/22/2023 12:00:00 AM,05/08/2020 12:00:00 AM,1200,15,N Hollywood,1548,2,626
230911729,06/10/2023 12:00:00 AM,04/01/2020 12:00:00 AM,5,9,Van Nuys,911,2,354
221209383,03/30/2022 12:00:00 AM,02/25/2020 12:00:00 AM,1930,12,77th Street,1207,2,354
220211619,05/07/2022 12:00:00 AM,12/16/2020 12:00:00 AM,457,2,Rampart,231,1,330
231105297,02/03/2023 12:00:00 AM,07/27/2020 12:00:00 AM,1000,11,Northeast,1152,2,354
232011006,06/02/2023 12:00:00 AM,06/01/2020 12:00:00 AM,1200,20,Olympic,2071,2,662
221308122,03/10/2022 12:00:00 AM,03/10/2020 12:00:00 AM,35,13,Newton,1324,2,354
201410122,04/28/2020 12:00:00 AM,04/28/2020 12:00:00 AM,100,14,Pacific,1406,1,510
231709319,05/07/2023 12:00:00 AM,12/14/2020 12:00:00 AM,1545,17,Devonshire,1718,2,354
221917253,11/25/2022 12:00:00 AM,06/15/2020 12:00:00 AM,1200,19,Mission,1981,1,420
220204234,01/05/2022 12:00:00 AM,12/20/2020 12:00:00 AM,815,2,Rampart,269,2,354
220604399,01/10/2022 12:00:00 AM,09/19/2020 12:00:00 AM,1600,6,Hollywood,668,2,354
231320297,11/08/2023 12:00:00 AM,05/08/2020 12:00:00 AM,1120,13,Newton,1383,2,354
221511470,06/22/2022 12:00:00 AM,07/11/2020 12:00:00 AM,1200,15,N Hollywood,1541,2,354
221516098,10/13/2022 12:00:00 AM,10/13/2020 12:00:00 AM,1200,15,N Hollywood,1557,2,860
230118041,08/16/2023 12:00:00 AM,08/27/2020 12:00:00 AM,2100,1,Central,132,1,236
221205458,01/15/2022 12:00:00 AM,10/10/2020 12:00:00 AM,820,12,77th Street,1267,1,820
231315967,08/21/2023 12:00:00 AM,01/01/2020 12:00:00 AM,1530,13,Newton,1362,2,812
220514938,10/16/2022 12:00:00 AM,07/01/2020 12:00:00 AM,1800,5,Harbor,504,2,812
230606306,02/24/2023 12:00:00 AM,03/20/2020 12:00:00 AM,1800,6,Hollywood,622,2,661
221507710,03/30/2022 12:00:00 AM,01/30/2020 12:00:00 AM,1305,15,N Hollywood,1555,2,354
221300973,09/09/2022 12:00:00 AM,06/01/2020 12:00:00 AM,1900,13,Newton,1352,2,810
222114709,09/26/2022 12:00:00 AM,06/19/2020 12:00:00 AM,600,21,Topanga,2113,2,354
221006046,02/24/2022 12:00:00 AM,11/19/2020 12:00:00 AM,1200,10,West Valley,1025,2,354
221609983,06/30/2022 12:00:00 AM,08/01/2020 12:00:00 AM,1200,16,Foothill,1668,2,930
221806358,02/21/2022 12:00:00 AM,02/21/2020 12:00:00 AM,2300,18,Southeast,1849,2,354
221315910,10/29/2020 12:00:00 AM,08/02/2020 12:00:00 AM,1415,13,Newton,1361,2,354
230908117,04/13/2023 12:00:00 AM,07/31/2020 12:00:00 AM,1,9,Van Nuys,989,2,354
231309176,04/14/2023 12:00:00 AM,10/19/2020 12:00:00 AM,1445,13,Newton,1393,2,354
232014656,08/25/2023 12:00:00 AM,06/25/2020 12:00:00 AM,1445,20,Olympic,2026,2,354
221905982,02/20/2022 12:00:00 AM,02/20/2020 12:00:00 AM,1500,19,Mission,1977,2,901
230109090,03/10/2023 12:00:00 AM,04/10/2020 12:00:00 AM,200,1,Central,163,2,354
221309225,04/07/2022 12:00:00 AM,04/03/2020 12:00:00 AM,144,13,Newton,1331,2,354
210904288,01/09/2021 12:00:00 AM,12/27/2020 12:00:00 AM,1600,9,Van Nuys,964,1,442
231905726,02/08/2023 12:00:00 AM,01/01/2020 12:00:00 AM,1,19,Mission,1995,2,812
221615196,12/16/2022 12:00:00 AM,12/01/2020 12:00:00 AM,1,16,Foothill,1602,2,354
220120619,09/16/2022 12:00:00 AM,09/15/2020 12:00:00 AM,1541,1,Central,185,2,740
220610269,05/13/2022 12:00:00 AM,10/08/2020 12:00:00 AM,1925,6,Hollywood,656,2,354
230218442,10/02/2023 12:00:00 AM,01/01/2020 12:00:00 AM,900,2,Rampart,235,2,812
221004804,01/23/2022 12:00:00 AM,11/23/2020 12:00:00 AM,1435,10,West Valley,1063,2,354
232110833,06/23/2023 12:00:00 AM,06/01/2020 12:00:00 AM,1200,21,Topanga,2146,2,354
222004619,12/21/2020 12:00:00 AM,12/20/2020 12:00:00 AM,1529,20,Olympic,2069,1,341
220208989,04/14/2022 12:00:00 AM,04/14/2020 12:00:00 AM,945,2,Rampart,256,2,354
231806653,06/12/2022 12:00:00 AM,03/04/2020 12:00:00 AM,800,18,Southeast,1832,2,946
220706120,02/23/2022 12:00:00 AM,10/13/2020 12:00:00 AM,900,7,Wilshire,702,2,354
230208225,03/28/2023 12:00:00 AM,03/28/2020 12:00:00 AM,1450,2,Rampart,237,2,354
221806331,02/15/2022 12:00:00 AM,04/10/2020 12:00:00 AM,815,18,Southeast,1802,1,440
210704053,12/31/2020 12:00:00 AM,12/31/2020 12:00:00 AM,400,7,Wilshire,722,1,310
231221370,10/11/2023 12:00:00 AM,03/20/2020 12:00:00 AM,1000,12,77th Street,1259,2,354
221016479,11/14/2022 12:00:00 AM,07/24/2020 12:00:00 AM,1500,10,West Valley,1017,1,761
221011289,07/05/2022 12:00:00 AM,03/01/2020 12:00:00 AM,1200,10,West Valley,1001,2,626
231421770,12/13/2023 12:00:00 AM,03/13/2020 12:00:00 AM,1200,14,Pacific,1464,1,440
221811572,05/24/2022 12:00:00 AM,08/02/2020 12:00:00 AM,324,18,Southeast,1841,2,354
230404996,01/30/2023 12:00:00 AM,08/23/2020 12:00:00 AM,800,4,Hollenbeck,488,2,649
232117501,12/09/2023 12:00:00 AM,05/10/2020 12:00:00 AM,1645,21,Topanga,2157,2,354
221220860,09/15/2022 12:00:00 AM,01/18/2020 12:00:00 AM,1,12,77th Street,1213,2,354
220504655,01/20/2022 12:00:00 AM,01/19/2020 12:00:00 AM,2200,5,Harbor,551,1,331
230813464,07/22/2023 12:00:00 AM,10/01/2020 12:00:00 AM,1755,8,West LA,828,2,354
231905565,02/06/2023 12:00:00 AM,01/01/2020 12:00:00 AM,5,19,Mission,1964,2,626
220910623,06/21/2022 12:00:00 AM,11/19/2020 12:00:00 AM,1,9,Van Nuys,939,2,354
221226041,12/27/2022 12:00:00 AM,11/20/2020 12:00:00 AM,1010,12,77th Street,1267,1,440
231207476,02/27/2023 12:00:00 AM,08/15/2020 12:00:00 AM,1,12,77th Street,1273,1,310
221708027,04/13/2022 12:00:00 AM,08/09/2020 12:00:00 AM,905,17,Devonshire,1745,2,354
220717687,12/12/2022 12:00:00 AM,02/12/2020 12:00:00 AM,840,7,Wilshire,714,2,354
230507674,04/11/2023 12:00:00 AM,07/30/2020 12:00:00 AM,835,5,Harbor,585,2,354
220909334,05/18/2022 12:00:00 AM,10/01/2020 12:00:00 AM,1400,9,Van Nuys,971,2,354
221015665,10/25/2022 12:00:00 AM,06/09/2020 12:00:00 AM,1535,10,West Valley,1023,2,354
201308739,03/27/2020 12:00:00 AM,03/27/2020 12:00:00 AM,1210,13,Newton,1333,1,510
221225047,12/09/2022 12:00:00 AM,12/02/2020 12:00:00 AM,1535,12,77th Street,1251,2,354
231810634,05/19/2023 12:00:00 AM,01/02/2020 12:00:00 AM,800,18,Southeast,1824,2,354
230513434,09/12/2023 12:00:00 AM,09/01/2020 12:00:00 AM,1,5,Harbor,526,2,662
221007765,04/10/2022 12:00:00 AM,04/06/2020 12:00:00 AM,1200,10,West Valley,1024,1,510
220311221,05/23/2022 12:00:00 AM,04/29/2020 12:00:00 AM,1,3,Southwest,395,2,845
220318793,10/19/2022 12:00:00 AM,10/19/2020 12:00:00 AM,1900,3,Southwest,311,2,812
221209976,04/14/2022 12:00:00 AM,09/27/2020 12:00:00 AM,1104,12,77th Street,1268,2,956
230605916,02/09/2023 12:00:00 AM,02/09/2020 12:00:00 AM,1415,6,Hollywood,636,2,354
241204387,01/05/2024 12:00:00 AM,05/05/2020 12:00:00 AM,1025,12,77th Street,1269,2,354
231420590,11/20/2023 12:00:00 AM,11/20/2020 12:00:00 AM,1000,14,Pacific,1413,2,956
230113770,06/06/2023 12:00:00 AM,03/20/2020 12:00:00 AM,800,1,Central,142,2,668
220712955,08/16/2022 12:00:00 AM,11/08/2020 12:00:00 AM,1005,7,Wilshire,722,1,440
230710300,09/22/2022 12:00:00 AM,07/26/2020 12:00:00 AM,1200,7,Wilshire,701,2,662
220717203,11/30/2022 12:00:00 AM,03/01/2020 12:00:00 AM,945,7,Wilshire,725,2,354
220904776,01/22/2022 12:00:00 AM,12/28/2020 12:00:00 AM,1200,9,Van Nuys,974,1,310
221006113,02/27/2022 12:00:00 AM,08/24/2020 12:00:00 AM,2000,10,West Valley,1029,1,330
231007048,03/21/2023 12:00:00 AM,07/30/2020 12:00:00 AM,1645,10,West Valley,1024,2,354
221711184,06/15/2022 12:00:00 AM,05/15/2020 12:00:00 AM,155,17,Devonshire,1795,2,354
220407814,04/22/2022 12:00:00 AM,04/01/2020 12:00:00 AM,5,4,Hollenbeck,459,1,121
231205329,01/20/2023 12:00:00 AM,06/20/2020 12:00:00 AM,1140,12,77th Street,1204,2,354
220619758,12/05/2022 12:00:00 AM,06/15/2020 12:00:00 AM,1500,6,Hollywood,643,2,626
211104796,01/24/2021 12:00:00 AM,01/23/2020 12:00:00 AM,800,11,Northeast,1172,2,745
241204463,01/07/2024 12:00:00 AM,06/07/2020 12:00:00 AM,1315,12,77th Street,1293,2,354
220911160,07/06/2022 12:00:00 AM,03/01/2020 12:00:00 AM,1000,9,Van Nuys,923,2,354
212015258,10/05/2021 12:00:00 AM,06/23/2020 12:00:00 AM,1229,20,Olympic,2034,2,354
222010418,05/29/2022 12:00:00 AM,05/27/2020 12:00:00 AM,1800,20,Olympic,2014,2,626
222013040,08/06/2022 12:00:00 AM,06/04/2020 12:00:00 AM,1620,20,Olympic,2054,2,354
211206198,02/03/2021 12:00:00 AM,12/20/2020 12:00:00 AM,1400,12,77th Street,1265,2,624
220712765,08/11/2022 12:00:00 AM,03/20/2020 12:00:00 AM,1015,7,Wilshire,773,2,354
221308438,03/23/2022 12:00:00 AM,10/19/2020 12:00:00 AM,600,13,Newton,1364,2,354
221715152,10/20/2022 12:00:00 AM,08/05/2020 12:00:00 AM,1950,17,Devonshire,1745,2,354
201112065,07/31/2020 12:00:00 AM,07/30/2020 12:00:00 AM,2030,11,Northeast,1161,1,510
220404852,01/28/2022 12:00:00 AM,12/27/2020 12:00:00 AM,1200,4,Hollenbeck,439,2,946
221106692,03/14/2022 12:00:00 AM,01/01/2020 12:00:00 AM,1510,11,Northeast,1124,2,354
221908420,04/15/2022 12:00:00 AM,08/01/2020 12:00:00 AM,5,19,Mission,1985,2,813
221818077,09/28/2022 12:00:00 AM,01/01/2020 12:00:00 AM,1,18,Southeast,1801,1,820
221606564,03/21/2022 12:00:00 AM,07/17/2020 12:00:00 AM,800,16,Foothill,1698,2,649
221715311,10/16/2022 12:00:00 AM,07/11/2020 12:00:00 AM,200,17,Devonshire,1712,2,624
231304505,01/10/2023 12:00:00 AM,12/10/2020 12:00:00 AM,1340,13,Newton,1353,2,354
221220098,09/07/2022 12:00:00 AM,01/07/2020 12:00:00 AM,35,12,77th Street,1241,2,354
231906446,02/28/2023 12:00:00 AM,02/17/2020 12:00:00 AM,1200,19,Mission,1974,2,627
231305562,02/01/2023 12:00:00 AM,04/01/2020 12:00:00 AM,2300,13,Newton,1303,1,210
230510455,06/28/2023 12:00:00 AM,06/01/2020 12:00:00 AM,1,5,Harbor,565,2,354
231309128,04/13/2023 12:00:00 AM,08/13/2020 12:00:00 AM,1200,13,Newton,1321,2,354
231106607,03/08/2023 12:00:00 AM,03/01/2020 12:00:00 AM,1200,11,Northeast,1152,2,860
220509276,05/18/2022 12:00:00 AM,10/26/2020 12:00:00 AM,1,5,Harbor,507,2,653
221404672,01/11/2022 12:00:00 AM,05/01/2020 12:00:00 AM,1200,14,Pacific,1405,2,354
231506571,03/03/2023 12:00:00 AM,07/15/2020 12:00:00 AM,1700,15,N Hollywood,1532,2,946
231210462,04/19/2023 12:00:00 AM,06/01/2020 12:00:00 AM,800,12,77th Street,1259,1,821
240604147,01/05/2024 12:00:00 AM,01/01/2020 12:00:00 AM,1405,6,Hollywood,646,2,354
220507155,03/24/2022 12:00:00 AM,12/01/2020 12:00:00 AM,1,5,Harbor,563,1,230
230212736,06/20/2023 12:00:00 AM,06/19/2020 12:00:00 AM,800,2,Rampart,279,1,420
221315909,11/25/2020 12:00:00 AM,11/17/2020 12:00:00 AM,1005,13,Newton,1322,2,354
230413909,10/30/2023 12:00:00 AM,10/30/2020 12:00:00 AM,830,4,Hollenbeck,497,2,354
221304833,01/19/2022 12:00:00 AM,07/01/2020 12:00:00 AM,1520,13,Newton,1325,2,354
231411022,05/22/2020 12:00:00 AM,05/22/2020 12:00:00 AM,1140,14,Pacific,1494,2,626
230409692,06/24/2023 12:00:00 AM,06/24/2020 12:00:00 AM,1620,4,Hollenbeck,429,2,354
211711508,08/13/2021 12:00:00 AM,11/01/2020 12:00:00 AM,1200,17,Devonshire,1799,1,440
221810933,05/17/2022 12:00:00 AM,05/06/2020 12:00:00 AM,1,18,Southeast,1832,2,845
220606971,03/05/2022 12:00:00 AM,07/02/2020 12:00:00 AM,940,6,Hollywood,636,1,230
231512931,07/28/2023 12:00:00 AM,10/09/2020 12:00:00 AM,1125,15,N Hollywood,1548,2,354
231906802,03/09/2023 12:00:00 AM,06/26/2020 12:00:00 AM,1100,19,Mission,1988,1,310
222005367,01/30/2022 12:00:00 AM,11/01/2020 12:00:00 AM,1250,20,Olympic,2079,2,354
231817789,10/11/2023 12:00:00 AM,01/11/2020 12:00:00 AM,1355,18,Southeast,1841,2,354
230707560,03/24/2023 12:00:00 AM,03/20/2020 12:00:00 AM,2030,7,Wilshire,759,2,662
231613896,11/09/2023 12:00:00 AM,04/01/2020 12:00:00 AM,1159,16,Foothill,1677,2,354
230818547,12/26/2023 12:00:00 AM,10/21/2020 12:00:00 AM,1435,8,West LA,842,2,354
220608736,04/12/2022 12:00:00 AM,10/22/2020 12:00:00 AM,1200,6,Hollywood,666,2,649
221004913,01/25/2022 12:00:00 AM,09/01/2020 12:00:00 AM,1700,10,West Valley,1067,2,354
231204446,01/06/2023 12:00:00 AM,01/06/2020 12:00:00 AM,1625,12,77th Street,1241,2,354
231205201,01/16/2023 12:00:00 AM,07/01/2020 12:00:00 AM,1900,12,77th Street,1252,2,354
211313647,08/02/2021 12:00:00 AM,10/22/2020 12:00:00 AM,800,13,Newton,1391,2,928
220509193,05/17/2022 12:00:00 AM,10/01/2020 12:00:00 AM,1200,5,Harbor,528,1,510
230708191,04/07/2023 12:00:00 AM,08/30/2020 12:00:00 AM,1635,7,Wilshire,736,2,354
221700766,05/11/2022 12:00:00 AM,10/01/2020 12:00:00 AM,800,17,Devonshire,1721,1,341
231220613,10/02/2023 12:00:00 AM,07/17/2020 12:00:00 AM,1,12,77th Street,1207,2,354
230309403,04/15/2023 12:00:00 AM,09/06/2020 12:00:00 AM,1,3,Southwest,363,2,354
220506019,02/01/2022 12:00:00 AM,02/01/2020 12:00:00 AM,1200,5,Harbor,507,2,627
231107419,03/30/2023 12:00:00 AM,08/08/2020 12:00:00 AM,2346,11,Northeast,1122,2,624
221204063,12/09/2021 12:00:00 AM,01/20/2020 12:00:00 AM,1725,12,77th Street,1255,2,354
221225797,12/22/2022 12:00:00 AM,12/22/2020 12:00:00 AM,220,12,77th Street,1249,1,510
231809755,04/28/2023 12:00:00 AM,03/01/2020 12:00:00 AM,800,18,Southeast,1824,2,354
220411016,07/18/2022 12:00:00 AM,06/22/2020 12:00:00 AM,1300,4,Hollenbeck,439,1,310
230710560,06/08/2023 12:00:00 AM,06/01/2020 12:00:00 AM,200,7,Wilshire,752,1,121
221505387,02/04/2022 12:00:00 AM,03/01/2020 12:00:00 AM,1200,15,N Hollywood,1569,1,230
232005220,01/28/2023 12:00:00 AM,09/01/2020 12:00:00 AM,1620,20,Olympic,2074,2,354
231309161,04/07/2023 12:00:00 AM,01/01/2020 12:00:00 AM,1,13,Newton,1383,2,354
232110125,06/08/2023 12:00:00 AM,04/27/2020 12:00:00 AM,1400,21,Topanga,2175,2,624
230306591,02/19/2023 12:00:00 AM,12/05/2020 12:00:00 AM,1040,3,Southwest,307,2,354
221913440,08/20/2022 12:00:00 AM,04/17/2020 12:00:00 AM,955,19,Mission,1913,2,354
210217152,11/02/2021 12:00:00 AM,01/01/2020 12:00:00 AM,1030,2,Rampart,215,2,812
211804895,12/09/2020 12:00:00 AM,12/09/2020 12:00:00 AM,1230,18,Southeast,1823,1,210
220604806,01/19/2022 12:00:00 AM,03/21/2020 12:00:00 AM,1200,6,Hollywood,636,2,354
221404880,01/20/2022 12:00:00 AM,12/01/2020 12:00:00 AM,1430,14,Pacific,1464,1,480
221822433,12/19/2022 12:00:00 AM,11/25/2020 12:00:00 AM,2200,18,Southeast,1822,1,121
220218655,10/17/2022 12:00:00 AM,05/08/2020 12:00:00 AM,1000,2,Rampart,257,2,354
231706742,03/06/2023 12:00:00 AM,01/01/2020 12:00:00 AM,1200,17,Devonshire,1721,2,813
231809250,04/20/2023 12:00:00 AM,04/20/2020 12:00:00 AM,915,18,Southeast,1846,2,354
211105454,02/12/2021 12:00:00 AM,11/29/2020 12:00:00 AM,1200,11,Northeast,1144,2,354
220605785,02/08/2022 12:00:00 AM,10/16/2020 12:00:00 AM,1820,6,Hollywood,666,2,956
221604268,01/07/2022 12:00:00 AM,02/19/2020 12:00:00 AM,1300,16,Foothill,1667,2,354
232006335,01/23/2023 12:00:00 AM,10/09/2020 12:00:00 AM,1551,20,Olympic,2049,2,354
221912723,08/02/2022 12:00:00 AM,11/01/2020 12:00:00 AM,1100,19,Mission,1972,2,649
221218237,08/23/2022 12:00:00 AM,08/23/2020 12:00:00 AM,1600,12,77th Street,1203,2,812
222008928,04/21/2022 12:00:00 AM,07/01/2020 12:00:00 AM,1200,20,Olympic,2023,2,354
221304490,01/11/2022 12:00:00 AM,10/01/2020 12:00:00 AM,2000,13,Newton,1385,2,354
221314362,07/11/2022 12:00:00 AM,04/07/2020 12:00:00 AM,1,13,Newton,1307,2,354
230305615,02/01/2023 12:00:00 AM,01/25/2020 12:00:00 AM,1,3,Southwest,355,1,121
220817021,11/18/2022 12:00:00 AM,11/17/2020 12:00:00 AM,2330,8,West LA,839,2,930
230220152,10/25/2023 12:00:00 AM,01/25/2020 12:00:00 AM,1845,2,Rampart,295,2,354
220206045,02/17/2022 12:00:00 AM,11/19/2020 12:00:00 AM,900,2,Rampart,299,2,354
230710295,05/31/2023 12:00:00 AM,01/01/2020 12:00:00 AM,1200,7,Wilshire,753,2,956
222104573,01/18/2022 12:00:00 AM,08/07/2020 12:00:00 AM,1155,21,Topanga,2169,2,354
221605629,02/21/2022 12:00:00 AM,10/31/2020 12:00:00 AM,2000,16,Foothill,1601,1,121
221907310,03/21/2022 12:00:00 AM,03/19/2020 12:00:00 AM,1510,19,Mission,1984,1,815
221605942,03/02/2022 12:00:00 AM,08/27/2020 12:00:00 AM,800,16,Foothill,1613,2,810
220221083,12/02/2022 12:00:00 AM,11/28/2020 12:00:00 AM,1600,2,Rampart,269,1,121
210805061,12/24/2020 12:00:00 AM,12/23/2020 12:00:00 AM,1200,8,West LA,823,1,331
221418972,11/15/2022 12:00:00 AM,11/15/2020 12:00:00 AM,1200,14,Pacific,1414,2,626
220116036,06/17/2022 12:00:00 AM,03/23/2020 12:00:00 AM,1200,1,Central,135,2,354
221916942,11/15/2022 12:00:00 AM,04/01/2020 12:00:00 AM,5,19,Mission,1904,1,820
210304538,12/21/2020 12:00:00 AM,01/01/2020 12:00:00 AM,1200,3,Southwest,363,1,820
220605303,01/30/2022 12:00:00 AM,01/10/2020 12:00:00 AM,800,6,Hollywood,669,2,354
220407289,04/06/2022 12:00:00 AM,09/01/2020 12:00:00 AM,1130,4,Hollenbeck,464,2,860
220504793,01/22/2022 12:00:00 AM,04/01/2020 12:00:00 AM,935,5,Harbor,532,2,956
211206256,10/24/2020 12:00:00 AM,10/23/2020 12:00:00 AM,1800,12,77th Street,1248,2,740
231404594,12/31/2022 12:00:00 AM,03/04/2020 12:00:00 AM,2,14,Pacific,1454,2,354
221916382,11/02/2022 12:00:00 AM,11/11/2020 12:00:00 AM,1200,19,Mission,1962,2,354
230110332,11/26/2020 12:00:00 AM,11/26/2020 12:00:00 AM,1000,1,Central,132,1,815
230320974,12/08/2023 12:00:00 AM,04/22/2020 12:00:00 AM,655,3,Southwest,362,2,354
232104037,01/02/2023 12:00:00 AM,02/01/2020 12:00:00 AM,1700,21,Topanga,2148,2,940
220319193,10/27/2022 12:00:00 AM,11/12/2020 12:00:00 AM,1500,3,Southwest,393,2,946
231110558,06/27/2023 12:00:00 AM,08/07/2020 12:00:00 AM,1400,11,Northeast,1149,2,946
221509576,05/13/2022 12:00:00 AM,05/20/2020 12:00:00 AM,1500,15,N Hollywood,1543,2,625
221907738,04/01/2022 12:00:00 AM,01/01/2020 12:00:00 AM,1200,19,Mission,1987,2,354
230604435,01/11/2023 12:00:00 AM,12/13/2020 12:00:00 AM,2000,6,Hollywood,667,1,310
220908425,04/26/2022 12:00:00 AM,11/20/2020 12:00:00 AM,1600,9,Van Nuys,952,1,310
230911235,06/29/2023 12:00:00 AM,11/01/2020 12:00:00 AM,600,9,Van Nuys,964,2,354
230818509,11/20/2023 12:00:00 AM,01/01/2020 12:00:00 AM,700,8,West LA,823,1,341
232109597,05/27/2023 12:00:00 AM,07/14/2020 12:00:00 AM,1655,21,Topanga,2118,2,354
221011819,07/20/2022 12:00:00 AM,07/19/2020 12:00:00 AM,1800,10,West Valley,1004,1,331
231711215,06/12/2023 12:00:00 AM,11/12/2020 12:00:00 AM,1110,17,Devonshire,1701,2,354
230507982,04/20/2023 12:00:00 AM,04/01/2020 12:00:00 AM,1,5,Harbor,563,2,624
230714761,09/18/2023 12:00:00 AM,06/16/2020 12:00:00 AM,1445,7,Wilshire,758,2,354
221211022,04/26/2022 12:00:00 AM,04/26/2020 12:00:00 AM,2115,12,77th Street,1204,2,354
230506149,02/28/2023 12:00:00 AM,07/01/2020 12:00:00 AM,1200,5,Harbor,521,1,510
221313048,06/17/2022 12:00:00 AM,01/01/2020 12:00:00 AM,1,13,Newton,1303,1,341
241904532,12/19/2023 12:00:00 AM,05/01/2020 12:00:00 AM,5,19,Mission,1993,1,815
230309845,04/24/2023 12:00:00 AM,09/01/2020 12:00:00 AM,1200,3,Southwest,319,2,956
231810615,05/17/2023 12:00:00 AM,01/01/2020 12:00:00 AM,1200,18,Southeast,1849,1,820
220110779,04/21/2022 12:00:00 AM,11/28/2020 12:00:00 AM,1700,1,Central,111,2,662
220106694,02/16/2022 12:00:00 AM,03/13/2020 12:00:00 AM,1900,1,Central,111,2,668
230126260,12/11/2023 12:00:00 AM,12/10/2020 12:00:00 AM,800,1,Central,182,1,330
231223480,11/21/2023 12:00:00 AM,02/02/2020 12:00:00 AM,1,12,77th Street,1233,2,845
221507610,03/28/2022 12:00:00 AM,03/22/2020 12:00:00 AM,500,15,N Hollywood,1548,1,236
231218307,08/18/2023 12:00:00 AM,07/06/2020 12:00:00 AM,1605,12,77th Street,1218,2,354
220611171,05/31/2022 12:00:00 AM,03/10/2020 12:00:00 AM,1000,6,Hollywood,632,2,354
220705297,02/04/2022 12:00:00 AM,11/01/2020 12:00:00 AM,1255,7,Wilshire,736,2,354
231805308,01/26/2023 12:00:00 AM,07/15/2020 12:00:00 AM,1238,18,Southeast,1842,2,354
231311304,05/25/2023 12:00:00 AM,06/15/2020 12:00:00 AM,1535,13,Newton,1377,2,354
220804051,12/11/2021 12:00:00 AM,01/18/2020 12:00:00 AM,910,8,West LA,882,2,956
221005035,01/29/2022 12:00:00 AM,08/01/2020 12:00:00 AM,1500,10,West Valley,1035,2,812
220917253,12/13/2022 12:00:00 AM,12/21/2020 12:00:00 AM,1800,9,Van Nuys,916,2,626
220214942,08/11/2022 12:00:00 AM,01/01/2020 12:00:00 AM,1030,2,Rampart,279,1,331
220620646,12/27/2022 12:00:00 AM,11/19/2020 12:00:00 AM,1040,6,Hollywood,649,2,354
231613511,10/30/2023 12:00:00 AM,05/05/2020 12:00:00 AM,525,16,Foothill,1641,2,354
230609606,05/09/2023 12:00:00 AM,08/23/2020 12:00:00 AM,1005,6,Hollywood,656,2,354
221606629,03/22/2022 12:00:00 AM,05/01/2020 12:00:00 AM,1125,16,Foothill,1664,2,354
220413587,09/26/2022 12:00:00 AM,09/01/2020 12:00:00 AM,300,4,Hollenbeck,459,1,121
220705715,02/15/2022 12:00:00 AM,08/15/2020 12:00:00 AM,815,7,Wilshire,762,2,354
221707355,02/15/2022 12:00:00 AM,07/23/2020 12:00:00 AM,2000,17,Devonshire,1703,2,745
211611263,08/31/2021 12:00:00 AM,02/10/2020 12:00:00 AM,2300,16,Foothill,1645,2,813
232004972,01/25/2023 12:00:00 AM,01/01/2020 12:00:00 AM,1200,20,Olympic,2038,2,812
221704892,01/21/2022 12:00:00 AM,07/01/2020 12:00:00 AM,800,17,Devonshire,1701,2,956
222012456,07/19/2022 12:00:00 AM,01/01/2020 12:00:00 AM,1230,20,Olympic,2079,2,354
220614618,08/13/2022 12:00:00 AM,12/15/2020 12:00:00 AM,2200,6,Hollywood,666,1,330
220515613,11/03/2022 12:00:00 AM,09/01/2020 12:00:00 AM,1200,5,Harbor,567,2,626
221411398,05/24/2022 12:00:00 AM,03/30/2020 12:00:00 AM,1640,14,Pacific,1428,2,354
230304640,01/14/2023 12:00:00 AM,03/14/2020 12:00:00 AM,730,3,Southwest,362,2,354
222108906,05/03/2022 12:00:00 AM,12/31/2020 12:00:00 AM,1220,21,Topanga,2133,1,352
221608687,05/24/2022 12:00:00 AM,03/30/2020 12:00:00 AM,1200,16,Foothill,1605,1,815
230218441,10/02/2023 12:00:00 AM,01/01/2020 12:00:00 AM,1000,2,Rampart,235,2,812
221210385,04/21/2020 12:00:00 AM,04/21/2020 12:00:00 AM,845,12,77th Street,1243,1,330
231712864,07/16/2023 12:00:00 AM,01/16/2020 12:00:00 AM,1605,17,Devonshire,1787,2,354
212015778,10/16/2021 12:00:00 AM,05/15/2020 12:00:00 AM,1310,20,Olympic,2022,2,354
231214436,06/23/2023 12:00:00 AM,11/20/2020 12:00:00 AM,1200,12,77th Street,1211,2,354
231308748,04/04/2023 12:00:00 AM,08/14/2020 12:00:00 AM,1210,13,Newton,1365,2,354
220517340,12/23/2022 12:00:00 AM,07/29/2020 12:00:00 AM,2200,5,Harbor,564,2,354
201605651,02/09/2020 12:00:00 AM,01/30/2020 12:00:00 AM,44,16,Foothill,1601,1,648
230704658,01/16/2023 12:00:00 AM,05/11/2020 12:00:00 AM,750,7,Wilshire,774,2,354
220321001,11/29/2022 12:00:00 AM,02/18/2020 12:00:00 AM,2120,3,Southwest,326,2,354
231717780,11/17/2023 12:00:00 AM,02/21/2020 12:00:00 AM,1100,17,Devonshire,1701,1,341
230809796,05/17/2023 12:00:00 AM,09/26/2020 12:00:00 AM,800,8,West LA,882,2,354
221108981,05/10/2022 12:00:00 AM,12/02/2020 12:00:00 AM,1200,11,Northeast,1123,2,354
231204979,01/18/2023 12:00:00 AM,05/01/2020 12:00:00 AM,1200,12,77th Street,1205,2,626
201215394,06/26/2020 12:00:00 AM,06/25/2020 12:00:00 AM,2200,12,77th Street,1259,1,510
220310780,05/16/2022 12:00:00 AM,10/01/2020 12:00:00 AM,1130,3,Southwest,395,2,354
230506618,03/13/2023 12:00:00 AM,08/05/2020 12:00:00 AM,1,5,Harbor,522,2,845
210907013,03/16/2021 12:00:00 AM,11/15/2020 12:00:00 AM,1200,9,Van Nuys,931,2,940
210205090,12/20/2020 12:00:00 AM,12/04/2020 12:00:00 AM,1455,2,Rampart,205,2,354
221507368,03/23/2022 12:00:00 AM,02/01/2020 12:00:00 AM,1,15,N Hollywood,1504,2,860
240904504,01/13/2024 12:00:00 AM,01/13/2020 12:00:00 AM,1150,9,Van Nuys,955,2,354
221409128,04/12/2022 12:00:00 AM,04/20/2020 12:00:00 AM,950,14,Pacific,1444,2,886
221205529,01/28/2022 12:00:00 AM,01/01/2020 12:00:00 AM,5,12,77th Street,1259,1,121
221516877,11/02/2022 12:00:00 AM,09/07/2020 12:00:00 AM,2100,15,N Hollywood,1591,1,820
230714857,09/20/2023 12:00:00 AM,07/20/2020 12:00:00 AM,1435,7,Wilshire,758,2,354
211409233,04/06/2021 12:00:00 AM,08/19/2020 12:00:00 AM,1730,14,Pacific,1496,1,510
231412171,06/09/2023 12:00:00 AM,06/01/2020 12:00:00 AM,1200,14,Pacific,1435,2,930
220517192,12/19/2022 12:00:00 AM,07/01/2020 12:00:00 AM,2200,5,Harbor,503,1,330
221207508,02/28/2022 12:00:00 AM,07/01/2020 12:00:00 AM,1100,12,77th Street,1235,2,354
222106975,03/14/2022 12:00:00 AM,08/07/2020 12:00:00 AM,1600,21,Topanga,2104,2,354
221209243,03/16/2022 12:00:00 AM,06/26/2020 12:00:00 AM,1130,12,77th Street,1243,2,354
220206809,03/03/2022 12:00:00 AM,02/02/2020 12:00:00 AM,1200,2,Rampart,231,2,354
200406391,03/02/2020 12:00:00 AM,03/01/2020 12:00:00 AM,1430,4,Hollenbeck,407,1,310
221212344,05/17/2022 12:00:00 AM,11/01/2020 12:00:00 AM,1,12,77th Street,1241,2,666
221905893,02/15/2022 12:00:00 AM,02/15/2020 12:00:00 AM,1,19,Mission,1962,2,956
221417043,09/28/2022 12:00:00 AM,12/01/2020 12:00:00 AM,1,14,Pacific,1428,2,662
221510639,06/05/2022 12:00:00 AM,01/24/2020 12:00:00 AM,1415,15,N Hollywood,1549,2,354
231007023,03/21/2023 12:00:00 AM,01/01/2020 12:00:00 AM,1201,10,West Valley,1078,2,668
221216517,07/14/2022 12:00:00 AM,01/01/2020 12:00:00 AM,1200,12,77th Street,1249,2,921
231015060,09/14/2023 12:00:00 AM,01/14/2020 12:00:00 AM,640,10,West Valley,1018,2,354
211304794,01/19/2021 12:00:00 AM,01/17/2020 12:00:00 AM,2100,13,Newton,1361,2,930
201312835,06/25/2020 12:00:00 AM,06/23/2020 12:00:00 AM,2100,13,Newton,1342,1,510
220609836,05/03/2022 12:00:00 AM,06/30/2020 12:00:00 AM,1800,6,Hollywood,646,2,956
230110262,04/09/2023 12:00:00 AM,07/17/2020 12:00:00 AM,2300,1,Central,182,1,121
232004462,01/12/2023 12:00:00 AM,01/11/2020 12:00:00 AM,900,20,Olympic,2029,1,310
232113429,08/28/2023 12:00:00 AM,03/01/2020 12:00:00 AM,1200,21,Topanga,2155,2,354
230716588,11/01/2023 12:00:00 AM,10/31/2020 12:00:00 AM,1630,7,Wilshire,776,2,626
221004727,01/21/2022 12:00:00 AM,01/01/2020 12:00:00 AM,1,10,West Valley,1044,2,930
232110277,06/12/2023 12:00:00 AM,09/11/2020 12:00:00 AM,1200,21,Topanga,2177,2,354
221110416,06/14/2022 12:00:00 AM,10/24/2020 12:00:00 AM,955,11,Northeast,1123,2,354
231017522,12/23/2023 12:00:00 AM,10/20/2020 12:00:00 AM,1200,10,West Valley,1015,1,420
231911608,07/14/2023 12:00:00 AM,01/01/2020 12:00:00 AM,600,19,Mission,1984,1,820
230613179,07/25/2023 12:00:00 AM,02/20/2020 12:00:00 AM,1720,6,Hollywood,631,2,354
221210279,04/16/2022 12:00:00 AM,11/05/2020 12:00:00 AM,2230,12,77th Street,1233,1,440
230308058,03/20/2023 12:00:00 AM,03/20/2020 12:00:00 AM,2200,3,Southwest,361,1,330
220813413,08/17/2022 12:00:00 AM,03/17/2020 12:00:00 AM,1555,8,West LA,851,2,354
231109634,06/01/2023 12:00:00 AM,09/11/2020 12:00:00 AM,2359,11,Northeast,1124,2,845
220310688,05/15/2022 12:00:00 AM,08/02/2020 12:00:00 AM,130,3,Southwest,328,2,354
231310841,05/17/2023 12:00:00 AM,02/22/2020 12:00:00 AM,955,13,Newton,1361,2,354
221307277,02/11/2022 12:00:00 AM,02/12/2020 12:00:00 AM,1205,13,Newton,1371,2,354
232017416,10/30/2023 12:00:00 AM,08/25/2020 12:00:00 AM,1240,20,Olympic,2022,2,354
221706832,03/21/2022 12:00:00 AM,03/21/2020 12:00:00 AM,115,17,Devonshire,1781,1,236
202112289,08/03/2020 12:00:00 AM,07/30/2020 12:00:00 AM,1400,21,Topanga,2113,1,510
221008947,05/08/2022 12:00:00 AM,05/08/2020 12:00:00 AM,1206,10,West Valley,1017,2,354
221505374,02/04/2022 12:00:00 AM,08/01/2020 12:00:00 AM,1220,15,N Hollywood,1515,2,354
220305685,02/08/2022 12:00:00 AM,02/02/2020 12:00:00 AM,2000,3,Southwest,392,1,510
210305239,12/30/2020 12:00:00 AM,12/29/2020 12:00:00 AM,2000,3,Southwest,335,1,331
221614254,11/13/2022 12:00:00 AM,01/01/2020 12:00:00 AM,1,16,Foothill,1643,2,354
221210224,04/14/2022 12:00:00 AM,05/06/2020 12:00:00 AM,1435,12,77th Street,1243,2,354
231509915,05/18/2023 12:00:00 AM,01/01/2020 12:00:00 AM,220,15,N Hollywood,1515,2,354
231311162,05/23/2023 12:00:00 AM,06/29/2020 12:00:00 AM,1800,13,Newton,1352,1,341
221916140,10/25/2022 12:00:00 AM,10/25/2020 12:00:00 AM,1200,19,Mission,1962,2,813
231813707,07/20/2023 12:00:00 AM,08/28/2020 12:00:00 AM,1,18,Southeast,1846,2,354
231808628,03/27/2023 12:00:00 AM,08/27/2020 12:00:00 AM,2115,18,Southeast,1804,2,354
220814938,09/25/2022 12:00:00 AM,08/22/2020 12:00:00 AM,1800,8,West LA,806,1,442
221212785,05/30/2022 12:00:00 AM,01/20/2020 12:00:00 AM,800,12,77th Street,1258,2,740
221606131,03/07/2022 12:00:00 AM,02/09/2020 12:00:00 AM,900,16,Foothill,1693,2,354
210805827,02/16/2021 12:00:00 AM,02/16/2020 12:00:00 AM,430,8,West LA,852,1,310
231220373,09/26/2023 12:00:00 AM,12/01/2020 12:00:00 AM,1200,12,77th Street,1258,1,121
221010828,06/24/2022 12:00:00 AM,04/01/2020 12:00:00 AM,1200,10,West Valley,1025,2,932
230114808,06/25/2023 12:00:00 AM,06/24/2020 12:00:00 AM,2230,1,Central,111,1,352
222113244,08/19/2022 12:00:00 AM,01/20/2020 12:00:00 AM,1,21,Topanga,2157,1,420
220704424,01/11/2022 12:00:00 AM,03/01/2020 12:00:00 AM,1425,7,Wilshire,733,1,341
222017661,09/23/2022 12:00:00 AM,09/20/2020 12:00:00 AM,2030,20,Olympic,2049,2,624
221516921,11/02/2022 12:00:00 AM,02/01/2020 12:00:00 AM,1200,15,N Hollywood,1567,2,354
221607647,04/25/2022 12:00:00 AM,08/29/2020 12:00:00 AM,2300,16,Foothill,1613,2,810
231609210,06/15/2023 12:00:00 AM,05/09/2020 12:00:00 AM,905,16,Foothill,1695,2,354
220611494,06/08/2022 12:00:00 AM,03/12/2020 12:00:00 AM,1140,6,Hollywood,667,2,624
221506757,11/23/2021 12:00:00 AM,09/01/2020 12:00:00 AM,1,15,N Hollywood,1589,2,354
231109830,06/06/2023 12:00:00 AM,10/30/2020 12:00:00 AM,2359,11,Northeast,1124,2,845
220818200,12/15/2022 12:00:00 AM,01/01/2020 12:00:00 AM,800,8,West LA,859,2,354
220320024,11/09/2022 12:00:00 AM,11/09/2020 12:00:00 AM,1,3,Southwest,398,2,354
230319519,11/08/2023 12:00:00 AM,07/24/2020 12:00:00 AM,800,3,Southwest,361,2,354
221011732,07/18/2022 12:00:00 AM,07/01/2020 12:00:00 AM,1200,10,West Valley,1033,2,354
221224187,11/18/2022 12:00:00 AM,07/18/2020 12:00:00 AM,1255,12,77th Street,1235,2,354
220705842,02/18/2022 12:00:00 AM,12/20/2020 12:00:00 AM,1200,7,Wilshire,758,1,440
221507765,03/31/2022 12:00:00 AM,01/01/2020 12:00:00 AM,950,15,N Hollywood,1555,2,354
210804049,01/02/2021 12:00:00 AM,12/04/2020 12:00:00 AM,2200,8,West LA,884,1,480
231210693,04/19/2023 12:00:00 AM,03/05/2020 12:00:00 AM,1505,12,77th Street,1283,2,354
230312511,06/21/2023 12:00:00 AM,04/03/2020 12:00:00 AM,1145,3,Southwest,373,2,354
230209650,04/26/2023 12:00:00 AM,01/08/2020 12:00:00 AM,1400,2,Rampart,265,1,510
220806369,02/28/2022 12:00:00 AM,01/01/2020 12:00:00 AM,1200,8,West LA,805,1,341
221911806,07/10/2022 12:00:00 AM,03/25/2020 12:00:00 AM,1,19,Mission,1977,2,354
230612691,07/18/2023 12:00:00 AM,09/18/2020 12:00:00 AM,342,6,Hollywood,626,2,354
231208015,03/05/2023 12:00:00 AM,02/01/2020 12:00:00 AM,1636,12,77th Street,1242,2,354
221004502,01/15/2022 12:00:00 AM,11/01/2020 12:00:00 AM,1200,10,West Valley,1037,2,354
220208280,04/04/2022 12:00:00 AM,11/17/2020 12:00:00 AM,10,2,Rampart,237,2,900
211705203,02/02/2021 12:00:00 AM,12/04/2020 12:00:00 AM,1200,17,Devonshire,1761,2,649
201310253,05/02/2020 12:00:00 AM,04/27/2020 12:00:00 AM,1700,13,Newton,1331,1,331
220911563,07/14/2022 12:00:00 AM,09/03/2020 12:00:00 AM,1,9,Van Nuys,935,2,354
230907876,04/07/2023 12:00:00 AM,03/15/2020 12:00:00 AM,800,9,Van Nuys,935,1,440
230119627,09/11/2023 12:00:00 AM,05/09/2020 12:00:00 AM,1250,1,Central,119,1,420
220619815,12/01/2022 12:00:00 AM,12/08/2020 12:00:00 AM,1,6,Hollywood,632,2,354
220317214,09/21/2022 12:00:00 AM,03/15/2020 12:00:00 AM,1415,3,Southwest,393,2,354
231207740,02/17/2023 12:00:00 AM,02/17/2020 12:00:00 AM,1240,12,77th Street,1269,2,354
220815553,10/14/2022 12:00:00 AM,08/10/2020 12:00:00 AM,1000,8,West LA,842,2,354
220204577,01/15/2022 12:00:00 AM,08/01/2020 12:00:00 AM,800,2,Rampart,289,2,930
211408216,03/16/2021 12:00:00 AM,12/28/2020 12:00:00 AM,1100,14,Pacific,1496,2,668
221217505,07/17/2022 12:00:00 AM,06/09/2020 12:00:00 AM,1700,12,77th Street,1233,2,956
231614496,11/29/2023 12:00:00 AM,11/27/2020 12:00:00 AM,1900,16,Foothill,1685,1,820
220710510,06/16/2022 12:00:00 AM,07/01/2020 12:00:00 AM,1,7,Wilshire,742,2,668
220416014,12/05/2022 12:00:00 AM,04/29/2020 12:00:00 AM,1,4,Hollenbeck,466,2,354
220221184,12/05/2022 12:00:00 AM,01/01/2020 12:00:00 AM,1200,2,Rampart,251,2,354
221907753,04/01/2022 12:00:00 AM,10/16/2020 12:00:00 AM,2300,19,Mission,1994,1,121
220114107,06/13/2022 12:00:00 AM,02/25/2020 12:00:00 AM,1,1,Central,164,2,354
221218085,08/08/2022 12:00:00 AM,01/01/2020 12:00:00 AM,1200,12,77th Street,1293,2,354
221916426,11/02/2022 12:00:00 AM,01/09/2020 12:00:00 AM,1000,19,Mission,1985,1,341
221810263,05/05/2022 12:00:00 AM,05/05/2020 12:00:00 AM,1221,18,Southeast,1842,2,354
230618170,11/20/2023 12:00:00 AM,01/17/2020 12:00:00 AM,1500,6,Hollywood,645,2,946
220319411,10/31/2022 12:00:00 AM,10/30/2020 12:00:00 AM,2000,3,Southwest,378,1,352
221717327,12/08/2022 12:00:00 AM,06/04/2020 12:00:00 AM,1100,17,Devonshire,1723,2,956
220407062,03/31/2022 12:00:00 AM,10/15/2020 12:00:00 AM,1200,4,Hollenbeck,421,2,649
221513237,08/08/2022 12:00:00 AM,07/05/2020 12:00:00 AM,1,15,N Hollywood,1501,2,354
211518743,12/14/2021 12:00:00 AM,04/11/2020 12:00:00 AM,1200,15,N Hollywood,1543,2,946
220512901,08/24/2022 12:00:00 AM,01/01/2020 12:00:00 AM,1,5,Harbor,507,2,956
230618916,12/13/2023 12:00:00 AM,12/11/2020 12:00:00 AM,1900,6,Hollywood,678,2,662
231309992,05/01/2023 12:00:00 AM,05/01/2020 12:00:00 AM,700,13,Newton,1393,1,815
221704519,12/05/2021 12:00:00 AM,12/01/2020 12:00:00 AM,740,17,Devonshire,1767,2,354
221709277,05/24/2022 12:00:00 AM,05/13/2020 12:00:00 AM,1130,17,Devonshire,1795,2,354
211420201,08/03/2020 12:00:00 AM,08/03/2020 12:00:00 AM,1435,14,Pacific,1463,1,440
211804059,01/02/2021 12:00:00 AM,12/30/2020 12:00:00 AM,2000,18,Southeast,1821,2,745
210905375,02/05/2021 12:00:00 AM,11/15/2020 12:00:00 AM,1200,9,Van Nuys,914,1,420
221513146,08/06/2022 12:00:00 AM,04/20/2020 12:00:00 AM,1200,15,N Hollywood,1503,1,510
231717646,11/02/2023 12:00:00 AM,01/01/2020 12:00:00 AM,825,17,Devonshire,1708,2,354
220704526,01/16/2022 12:00:00 AM,10/01/2020 12:00:00 AM,1200,7,Wilshire,702,2,354
221305923,01/26/2022 12:00:00 AM,12/25/2020 12:00:00 AM,2200,13,Newton,1353,2,810
220917252,12/13/2022 12:00:00 AM,12/21/2020 12:00:00 AM,1800,9,Van Nuys,916,2,627
230205256,01/20/2023 12:00:00 AM,02/23/2020 12:00:00 AM,250,2,Rampart,202,2,354
231321415,11/30/2023 12:00:00 AM,07/06/2020 12:00:00 AM,1245,13,Newton,1361,2,354
222009929,05/15/2022 12:00:00 AM,06/08/2020 12:00:00 AM,1900,20,Olympic,2023,2,354
200114396,07/06/2020 12:00:00 AM,07/04/2020 12:00:00 AM,100,1,Central,157,1,510
220811962,07/14/2022 12:00:00 AM,06/01/2020 12:00:00 AM,1,8,West LA,881,1,310
221206342,02/13/2022 12:00:00 AM,02/13/2020 12:00:00 AM,1100,12,77th Street,1257,1,761
221106367,03/06/2022 12:00:00 AM,11/10/2020 12:00:00 AM,2300,11,Northeast,1177,2,745
221115990,11/07/2022 12:00:00 AM,10/06/2020 12:00:00 AM,1,11,Northeast,1137,2,812
220214438,08/08/2022 12:00:00 AM,08/01/2020 12:00:00 AM,900,2,Rampart,205,1,420
231013980,08/13/2023 12:00:00 AM,10/17/2020 12:00:00 AM,1216,10,West Valley,1045,2,354
222019280,12/16/2022 12:00:00 AM,02/05/2020 12:00:00 AM,1500,20,Olympic,2046,2,649
220817417,11/21/2022 12:00:00 AM,02/21/2020 12:00:00 AM,905,8,West LA,813,2,354
221411798,05/31/2022 12:00:00 AM,06/25/2020 12:00:00 AM,2200,14,Pacific,1479,1,121
230604935,01/13/2023 12:00:00 AM,03/10/2020 12:00:00 AM,1600,6,Hollywood,656,2,354
220505308,02/02/2022 12:00:00 AM,12/01/2020 12:00:00 AM,305,5,Harbor,585,2,354
221225134,12/13/2022 12:00:00 AM,06/13/2020 12:00:00 AM,1605,12,77th Street,1213,2,354
220706832,03/16/2022 12:00:00 AM,01/01/2020 12:00:00 AM,1,7,Wilshire,782,2,668
220818171,12/15/2022 12:00:00 AM,06/15/2020 12:00:00 AM,1045,8,West LA,884,2,354
231807447,03/09/2023 12:00:00 AM,10/01/2020 12:00:00 AM,1620,18,Southeast,1822,2,354
231317622,09/20/2023 12:00:00 AM,09/11/2020 12:00:00 AM,1100,13,Newton,1377,1,510
221819021,10/05/2022 12:00:00 AM,07/31/2020 12:00:00 AM,1200,18,Southeast,1839,2,354
220110351,04/14/2022 12:00:00 AM,10/01/2020 12:00:00 AM,955,1,Central,164,2,354
221222171,10/19/2022 12:00:00 AM,10/01/2020 12:00:00 AM,1110,12,77th Street,1265,2,956
221811447,05/26/2022 12:00:00 AM,02/01/2020 12:00:00 AM,1700,18,Southeast,1821,1,121
210107732,03/20/2021 12:00:00 AM,12/01/2020 12:00:00 AM,1400,1,Central,148,1,341
221006093,02/25/2022 12:00:00 AM,06/01/2020 12:00:00 AM,1230,10,West Valley,1024,2,354
221217989,08/19/2022 12:00:00 AM,04/27/2020 12:00:00 AM,1200,12,77th Street,1245,2,662
221209376,04/06/2022 12:00:00 AM,01/05/2020 12:00:00 AM,1325,12,77th Street,1213,2,354
220917492,12/20/2022 12:00:00 AM,03/20/2020 12:00:00 AM,1100,9,Van Nuys,929,2,354
230515145,10/20/2023 12:00:00 AM,12/09/2020 12:00:00 AM,1200,5,Harbor,566,2,354
220914148,09/22/2022 12:00:00 AM,01/01/2020 12:00:00 AM,800,9,Van Nuys,943,2,354
230317144,09/16/2023 12:00:00 AM,08/08/2020 12:00:00 AM,1300,3,Southwest,361,2,354
220707271,03/27/2022 12:00:00 AM,05/29/2020 12:00:00 AM,1200,7,Wilshire,752,2,354
221514248,08/30/2022 12:00:00 AM,08/04/2020 12:00:00 AM,1430,15,N Hollywood,1553,2,903
200912561,07/20/2020 12:00:00 AM,07/20/2020 12:00:00 AM,700,9,Van Nuys,937,1,510
221908403,04/18/2022 12:00:00 AM,04/17/2020 12:00:00 AM,2200,19,Mission,1972,2,745
211004916,01/30/2021 12:00:00 AM,12/15/2020 12:00:00 AM,1200,10,West Valley,1063,1,310
221915597,10/11/2022 12:00:00 AM,06/01/2020 12:00:00 AM,5,19,Mission,1916,2,812
231713766,08/05/2023 12:00:00 AM,07/03/2020 12:00:00 AM,100,17,Devonshire,1723,2,626
222006554,02/26/2022 12:00:00 AM,02/26/2020 12:00:00 AM,2230,20,Olympic,2017,1,236
231510452,05/24/2023 12:00:00 AM,05/24/2020 12:00:00 AM,1045,15,N Hollywood,1521,2,354
211504819,01/22/2021 12:00:00 AM,07/10/2020 12:00:00 AM,1200,15,N Hollywood,1547,1,510
210608827,04/23/2021 12:00:00 AM,12/15/2020 12:00:00 AM,1400,6,Hollywood,667,1,310
231008104,04/17/2023 12:00:00 AM,04/01/2020 12:00:00 AM,1355,10,West Valley,1011,2,354
232004501,01/14/2023 12:00:00 AM,01/01/2020 12:00:00 AM,800,20,Olympic,2088,1,310
230507151,03/24/2023 12:00:00 AM,06/26/2020 12:00:00 AM,600,5,Harbor,511,2,956
221804340,01/08/2022 12:00:00 AM,03/07/2020 12:00:00 AM,1420,18,Southeast,1849,2,354
230718552,12/16/2023 12:00:00 AM,08/17/2020 12:00:00 AM,1730,7,Wilshire,747,2,354
230514897,10/19/2023 12:00:00 AM,08/19/2020 12:00:00 AM,2145,5,Harbor,585,2,354
221507119,03/11/2022 12:00:00 AM,11/01/2020 12:00:00 AM,400,15,N Hollywood,1545,1,236
231515086,09/20/2023 12:00:00 AM,03/16/2020 12:00:00 AM,1415,15,N Hollywood,1532,2,354
221908685,04/25/2022 12:00:00 AM,03/07/2020 12:00:00 AM,1640,19,Mission,1974,2,354
231419365,10/26/2023 12:00:00 AM,06/01/2020 12:00:00 AM,1200,14,Pacific,1473,2,354
221507756,03/31/2022 12:00:00 AM,12/05/2020 12:00:00 AM,1200,15,N Hollywood,1522,2,354
221213844,05/24/2022 12:00:00 AM,05/08/2020 12:00:00 AM,1320,12,77th Street,1232,2,354
222104705,01/22/2022 12:00:00 AM,01/22/2020 12:00:00 AM,400,21,Topanga,2128,2,812
221519127,12/30/2022 12:00:00 AM,12/17/2020 12:00:00 AM,1050,15,N Hollywood,1585,2,354
220505934,02/19/2022 12:00:00 AM,02/19/2020 12:00:00 AM,825,5,Harbor,501,1,330
231211752,04/14/2023 12:00:00 AM,11/10/2020 12:00:00 AM,1,12,77th Street,1243,2,354
222109748,05/27/2022 12:00:00 AM,03/28/2020 12:00:00 AM,1745,21,Topanga,2157,2,956
210806271,02/26/2021 12:00:00 AM,10/31/2020 12:00:00 AM,1530,8,West LA,857,2,668
221222580,10/30/2022 12:00:00 AM,06/01/2020 12:00:00 AM,1500,12,77th Street,1267,2,627
221418375,10/30/2022 12:00:00 AM,10/30/2020 12:00:00 AM,2025,14,Pacific,1458,2,624
231812149,06/19/2023 12:00:00 AM,12/24/2020 12:00:00 AM,955,18,Southeast,1822,2,354
211410751,04/30/2021 12:00:00 AM,06/12/2020 12:00:00 AM,930,14,Pacific,1438,2,354
211106748,03/21/2021 12:00:00 AM,01/01/2020 12:00:00 AM,1200,11,Northeast,1107,2,354
220106363,02/10/2022 12:00:00 AM,10/01/2020 12:00:00 AM,300,1,Central,132,1,121
221217696,08/13/2022 12:00:00 AM,12/01/2020 12:00:00 AM,1605,12,77th Street,1258,2,354
220414491,10/20/2022 12:00:00 AM,10/19/2020 12:00:00 AM,2000,4,Hollenbeck,442,1,510
221612433,09/15/2022 12:00:00 AM,12/03/2020 12:00:00 AM,800,16,Foothill,1672,1,341
230108364,03/08/2023 12:00:00 AM,12/16/2020 12:00:00 AM,1850,1,Central,166,2,354
231205719,01/30/2023 12:00:00 AM,04/07/2020 12:00:00 AM,1259,12,77th Street,1243,2,354
220220118,11/12/2022 12:00:00 AM,11/12/2020 12:00:00 AM,1,2,Rampart,261,2,354
221209255,03/24/2022 12:00:00 AM,08/28/2020 12:00:00 AM,1325,12,77th Street,1251,2,354
221704329,01/03/2022 12:00:00 AM,06/05/2020 12:00:00 AM,1510,17,Devonshire,1775,2,354
221913658,08/24/2022 12:00:00 AM,03/03/2020 12:00:00 AM,1,19,Mission,1902,2,354
221806506,02/25/2022 12:00:00 AM,08/01/2020 12:00:00 AM,1120,18,Southeast,1864,2,354
212009203,05/15/2021 12:00:00 AM,12/05/2020 12:00:00 AM,730,20,Olympic,2069,2,900
230208100,03/26/2023 12:00:00 AM,01/12/2020 12:00:00 AM,1300,2,Rampart,266,2,354
231505784,02/13/2023 12:00:00 AM,10/14/2020 12:00:00 AM,2000,15,N Hollywood,1544,2,626
221404692,01/15/2022 12:00:00 AM,11/01/2020 12:00:00 AM,1,14,Pacific,1431,2,886
241804050,01/01/2024 12:00:00 AM,04/01/2020 12:00:00 AM,1506,18,Southeast,1824,2,354
240904134,01/04/2024 12:00:00 AM,03/01/2020 12:00:00 AM,900,9,Van Nuys,926,2,901
231806065,02/06/2023 12:00:00 AM,01/01/2020 12:00:00 AM,1200,18,Southeast,1827,2,813
220508966,05/09/2022 12:00:00 AM,10/28/2020 12:00:00 AM,815,5,Harbor,513,2,956
222106102,02/25/2022 12:00:00 AM,12/13/2020 12:00:00 AM,1430,21,Topanga,2156,2,354
221419817,11/02/2022 12:00:00 AM,12/04/2020 12:00:00 AM,1005,14,Pacific,1469,2,354
210117309,09/22/2021 12:00:00 AM,10/21/2020 12:00:00 AM,1200,1,Central,155,2,845
220206927,03/08/2022 12:00:00 AM,11/01/2020 12:00:00 AM,1,2,Rampart,236,2,930
231611191,08/17/2023 12:00:00 AM,03/01/2020 12:00:00 AM,1200,16,Foothill,1642,2,354
231512148,07/12/2023 12:00:00 AM,01/01/2020 12:00:00 AM,1545,15,N Hollywood,1548,2,354
221706445,03/08/2022 12:00:00 AM,06/05/2020 12:00:00 AM,2030,17,Devonshire,1723,2,354
231207678,03/02/2023 12:00:00 AM,05/01/2020 12:00:00 AM,600,12,77th Street,1257,1,420
210809259,05/12/2021 12:00:00 AM,12/12/2020 12:00:00 AM,2100,8,West LA,811,2,956
231709524,05/01/2023 12:00:00 AM,02/01/2020 12:00:00 AM,200,17,Devonshire,1747,1,236
232112798,08/11/2023 12:00:00 AM,08/11/2020 12:00:00 AM,1755,21,Topanga,2146,2,354
221611892,08/26/2022 12:00:00 AM,04/15/2020 12:00:00 AM,1200,16,Foothill,1605,1,815
220126052,12/08/2022 12:00:00 AM,09/27/2020 12:00:00 AM,1,1,Central,148,2,354
221506014,02/20/2022 12:00:00 AM,02/17/2020 12:00:00 AM,2200,15,N Hollywood,1526,1,510
221404829,01/18/2022 12:00:00 AM,07/16/2020 12:00:00 AM,300,14,Pacific,1487,1,310
221509250,05/05/2022 12:00:00 AM,03/01/2020 12:00:00 AM,1200,15,N Hollywood,1585,2,626
221421185,12/20/2022 12:00:00 AM,09/22/2020 12:00:00 AM,1200,14,Pacific,1469,2,354
211505747,02/15/2021 12:00:00 AM,08/16/2020 12:00:00 AM,1030,15,N Hollywood,1532,2,354
231006812,02/22/2023 12:00:00 AM,10/27/2020 12:00:00 AM,1945,10,West Valley,1041,1,121
220204516,01/13/2022 12:00:00 AM,08/01/2020 12:00:00 AM,1000,2,Rampart,237,1,420
222007542,03/23/2022 12:00:00 AM,03/22/2020 12:00:00 AM,2300,20,Olympic,2014,2,626
220117108,07/29/2022 12:00:00 AM,12/25/2020 12:00:00 AM,1040,1,Central,147,1,440
231006256,02/27/2023 12:00:00 AM,06/02/2020 12:00:00 AM,1916,10,West Valley,1088,2,740
221218637,07/12/2022 12:00:00 AM,08/01/2020 12:00:00 AM,1200,12,77th Street,1203,1,310
231716502,10/12/2023 12:00:00 AM,03/10/2020 12:00:00 AM,1347,17,Devonshire,1795,1,341
221517779,11/25/2022 12:00:00 AM,10/20/2020 12:00:00 AM,2230,15,N Hollywood,1553,2,354
230206138,02/15/2023 12:00:00 AM,05/27/2020 12:00:00 AM,1200,2,Rampart,216,2,354
231013475,09/07/2023 12:00:00 AM,06/07/2020 12:00:00 AM,1020,10,West Valley,1044,2,354
220515869,11/11/2022 12:00:00 AM,11/06/2020 12:00:00 AM,1200,5,Harbor,564,2,354
230612659,07/08/2023 12:00:00 AM,06/01/2020 12:00:00 AM,850,6,Hollywood,622,2,354
220208449,04/07/2022 12:00:00 AM,01/01/2020 12:00:00 AM,800,2,Rampart,247,2,813
231007020,03/21/2023 12:00:00 AM,08/01/2020 12:00:00 AM,1200,10,West Valley,1049,1,121
210709140,05/28/2021 12:00:00 AM,05/28/2020 12:00:00 AM,45,7,Wilshire,743,1,510
211505552,02/10/2021 12:00:00 AM,12/20/2020 12:00:00 AM,1400,15,N Hollywood,1545,1,310
231805059,01/17/2023 12:00:00 AM,03/15/2020 12:00:00 AM,935,18,Southeast,1841,2,354
220110263,04/13/2022 12:00:00 AM,04/30/2020 12:00:00 AM,1200,1,Central,134,2,354
231715837,09/28/2023 12:00:00 AM,10/28/2020 12:00:00 AM,800,17,Devonshire,1776,2,662
221810106,04/24/2022 12:00:00 AM,11/18/2020 12:00:00 AM,1,18,Southeast,1841,2,845
222107696,04/05/2022 12:00:00 AM,04/15/2020 12:00:00 AM,1200,21,Topanga,2105,2,354
231208669,02/16/2023 12:00:00 AM,07/20/2020 12:00:00 AM,1305,12,77th Street,1256,2,354
222007966,04/02/2022 12:00:00 AM,04/02/2020 12:00:00 AM,10,20,Olympic,2036,1,510
230215957,07/11/2023 12:00:00 AM,07/11/2020 12:00:00 AM,2255,2,Rampart,236,2,354
221912089,07/13/2022 12:00:00 AM,01/04/2020 12:00:00 AM,1100,19,Mission,1916,2,810
211605013,02/03/2021 12:00:00 AM,12/18/2020 12:00:00 AM,1105,16,Foothill,1664,2,354
232014776,01/27/2023 12:00:00 AM,01/01/2020 12:00:00 AM,1,20,Olympic,2055,2,812
220511322,06/29/2022 12:00:00 AM,03/01/2020 12:00:00 AM,1200,5,Harbor,587,2,439
222116012,10/28/2022 12:00:00 AM,08/12/2020 12:00:00 AM,1,21,Topanga,2114,2,956
221607970,12/28/2021 12:00:00 AM,10/15/2020 12:00:00 AM,1340,16,Foothill,1622,2,354
222007501,03/11/2022 12:00:00 AM,03/11/2020 12:00:00 AM,1425,20,Olympic,2033,1,442
221411380,05/24/2022 12:00:00 AM,01/01/2020 12:00:00 AM,2040,14,Pacific,1428,2,354
232017254,10/18/2023 12:00:00 AM,08/23/2020 12:00:00 AM,1,20,Olympic,2023,2,354
222115665,10/20/2022 12:00:00 AM,11/18/2020 12:00:00 AM,1200,21,Topanga,2187,2,354
230604864,01/23/2023 12:00:00 AM,01/01/2020 12:00:00 AM,1,6,Hollywood,659,1,121
221718329,12/26/2022 12:00:00 AM,06/01/2020 12:00:00 AM,1200,17,Devonshire,1793,1,815
221715853,11/09/2022 12:00:00 AM,08/15/2020 12:00:00 AM,2359,17,Devonshire,1795,2,860
221418374,10/30/2022 12:00:00 AM,10/30/2020 12:00:00 AM,2025,14,Pacific,1458,2,624
222111399,07/07/2022 12:00:00 AM,08/21/2020 12:00:00 AM,1,21,Topanga,2148,2,901
230307948,02/28/2023 12:00:00 AM,03/28/2020 12:00:00 AM,745,3,Southwest,396,2,354
220709413,03/10/2022 12:00:00 AM,01/20/2020 12:00:00 AM,2359,7,Wilshire,743,1,121
231109198,05/20/2023 12:00:00 AM,01/01/2020 12:00:00 AM,1235,11,Northeast,1176,2,354
200905707,02/08/2020 12:00:00 AM,02/07/2020 12:00:00 AM,2000,9,Van Nuys,939,1,510
220910848,06/27/2022 12:00:00 AM,10/30/2020 12:00:00 AM,1105,9,Van Nuys,909,2,354
230516031,11/21/2023 12:00:00 AM,11/21/2020 12:00:00 AM,320,5,Harbor,505,2,626
220221510,12/08/2022 12:00:00 AM,04/08/2020 12:00:00 AM,1400,2,Rampart,261,2,354
232104887,01/24/2023 12:00:00 AM,05/20/2020 12:00:00 AM,1830,21,Topanga,2173,2,354
221216200,07/11/2022 12:00:00 AM,09/01/2020 12:00:00 AM,1235,12,77th Street,1255,2,354
231509430,05/08/2023 12:00:00 AM,09/20/2020 12:00:00 AM,1005,15,N Hollywood,1595,2,354
220107460,02/24/2022 12:00:00 AM,01/15/2020 12:00:00 AM,1,1,Central,192,2,354
221809781,04/26/2022 12:00:00 AM,02/01/2020 12:00:00 AM,1,18,Southeast,1827,2,354
231407360,03/22/2023 12:00:00 AM,11/16/2020 12:00:00 AM,2300,14,Pacific,1452,2,624
210906739,03/09/2021 12:00:00 AM,11/16/2020 12:00:00 AM,1200,9,Van Nuys,941,2,668
230604663,01/17/2023 12:00:00 AM,11/01/2020 12:00:00 AM,1,6,Hollywood,659,2,860
231421914,12/17/2020 12:00:00 AM,12/17/2020 12:00:00 AM,1315,14,Pacific,1424,2,354
230415586,12/21/2023 12:00:00 AM,10/01/2020 12:00:00 AM,900,4,Hollenbeck,489,2,812
231511384,06/23/2023 12:00:00 AM,09/01/2020 12:00:00 AM,1200,15,N Hollywood,1531,2,354
220705301,02/03/2022 12:00:00 AM,07/14/2020 12:00:00 AM,1705,7,Wilshire,755,2,354
231204292,01/02/2023 12:00:00 AM,01/08/2020 12:00:00 AM,900,12,77th Street,1231,2,354
220314618,08/03/2022 12:00:00 AM,03/10/2020 12:00:00 AM,1,3,Southwest,393,2,354
221704906,01/24/2022 12:00:00 AM,10/17/2020 12:00:00 AM,625,17,Devonshire,1762,2,354
220615948,09/13/2022 12:00:00 AM,01/01/2020 12:00:00 AM,1200,6,Hollywood,645,2,900
220505776,02/14/2022 12:00:00 AM,11/04/2020 12:00:00 AM,1150,5,Harbor,511,2,354
230116672,07/17/2023 12:00:00 AM,08/22/2020 12:00:00 AM,1800,1,Central,132,1,121
221809652,04/22/2022 12:00:00 AM,07/20/2020 12:00:00 AM,630,18,Southeast,1822,2,354
230406446,03/16/2023 12:00:00 AM,03/15/2020 12:00:00 AM,1620,4,Hollenbeck,454,2,354
211209532,04/01/2021 12:00:00 AM,10/18/2020 12:00:00 AM,1225,12,77th Street,1203,2,930
230207636,03/18/2023 12:00:00 AM,01/01/2020 12:00:00 AM,900,2,Rampart,238,2,354
221206083,02/04/2022 12:00:00 AM,01/25/2020 12:00:00 AM,1,12,77th Street,1251,2,354
221811443,05/26/2022 12:00:00 AM,02/02/2020 12:00:00 AM,2053,18,Southeast,1827,2,354
220208285,03/30/2022 12:00:00 AM,06/30/2020 12:00:00 AM,930,2,Rampart,269,2,354
231009710,05/30/2023 12:00:00 AM,01/04/2020 12:00:00 AM,1935,10,West Valley,1025,2,354
220506283,03/01/2022 12:00:00 AM,01/01/2020 12:00:00 AM,1200,5,Harbor,506,1,510
220410114,06/22/2022 12:00:00 AM,01/01/2020 12:00:00 AM,1220,4,Hollenbeck,479,2,354
222117263,12/01/2022 12:00:00 AM,01/01/2020 12:00:00 AM,1100,21,Topanga,2137,2,354
220406802,03/25/2022 12:00:00 AM,03/24/2020 12:00:00 AM,245,4,Hollenbeck,411,1,510
221320934,11/14/2022 12:00:00 AM,04/27/2020 12:00:00 AM,2300,13,Newton,1331,1,121
221306072,02/09/2022 12:00:00 AM,08/05/2020 12:00:00 AM,1240,13,Newton,1333,2,354
221614062,11/07/2022 12:00:00 AM,02/26/2020 12:00:00 AM,1200,16,Foothill,1675,2,354
222105110,01/28/2022 12:00:00 AM,09/07/2020 12:00:00 AM,1200,21,Topanga,2102,2,354
221407828,03/18/2022 12:00:00 AM,08/19/2020 12:00:00 AM,1800,14,Pacific,1479,1,330
220505521,02/08/2022 12:00:00 AM,10/01/2020 12:00:00 AM,1,5,Harbor,518,2,653
230406805,03/26/2023 12:00:00 AM,02/10/2020 12:00:00 AM,1400,4,Hollenbeck,462,1,440
231210177,04/14/2023 12:00:00 AM,04/22/2020 12:00:00 AM,1200,12,77th Street,1255,1,341
230304767,01/17/2023 12:00:00 AM,01/01/2020 12:00:00 AM,900,3,Southwest,361,2,354
221607048,04/05/2022 12:00:00 AM,12/01/2020 12:00:00 AM,1500,16,Foothill,1658,2,354
210505803,02/15/2021 12:00:00 AM,11/01/2020 12:00:00 AM,1,5,Harbor,565,2,668
231805325,01/26/2023 12:00:00 AM,01/01/2020 12:00:00 AM,1200,18,Southeast,1834,2,812
221817884,09/23/2022 12:00:00 AM,06/22/2020 12:00:00 AM,1220,18,Southeast,1829,2,354
231604399,01/12/2023 12:00:00 AM,01/12/2020 12:00:00 AM,850,16,Foothill,1621,2,354
221915337,10/05/2022 12:00:00 AM,07/08/2020 12:00:00 AM,600,19,Mission,1921,1,121
221004960,01/26/2022 12:00:00 AM,11/01/2020 12:00:00 AM,1300,10,West Valley,1091,2,810
231510763,06/08/2023 12:00:00 AM,04/01/2020 12:00:00 AM,2005,15,N Hollywood,1506,2,354
231106617,03/09/2023 12:00:00 AM,08/06/2020 12:00:00 AM,845,11,Northeast,1147,2,354
221420690,11/16/2022 12:00:00 AM,11/14/2020 12:00:00 AM,1730,14,Pacific,1433,1,440
231307252,03/03/2023 12:00:00 AM,07/05/2020 12:00:00 AM,2305,13,Newton,1391,2,354
230516282,11/28/2023 12:00:00 AM,11/18/2020 12:00:00 AM,1200,5,Harbor,513,1,420
220715286,10/13/2022 12:00:00 AM,06/01/2020 12:00:00 AM,2359,7,Wilshire,722,2,886
221322455,12/14/2022 12:00:00 AM,08/31/2020 12:00:00 AM,1201,13,Newton,1371,2,354
220308220,03/29/2022 12:00:00 AM,06/12/2020 12:00:00 AM,155,3,Southwest,321,2,354
221917036,11/03/2022 12:00:00 AM,11/03/2020 12:00:00 AM,1415,19,Mission,1974,2,740
221308375,03/21/2022 12:00:00 AM,02/04/2020 12:00:00 AM,2115,13,Newton,1361,1,236
221512237,03/04/2022 12:00:00 AM,03/01/2020 12:00:00 AM,700,15,N Hollywood,1585,1,341
220111774,05/06/2022 12:00:00 AM,05/25/2020 12:00:00 AM,1300,1,Central,111,1,236
201813532,07/05/2020 12:00:00 AM,07/05/2020 12:00:00 AM,1400,18,Southeast,1842,1,510
231109831,06/06/2023 12:00:00 AM,04/02/2020 12:00:00 AM,2359,11,Northeast,1124,2,845
221225690,12/19/2022 12:00:00 AM,05/01/2020 12:00:00 AM,105,12,77th Street,1232,2,354
221611890,08/30/2022 12:00:00 AM,02/09/2020 12:00:00 AM,1,16,Foothill,1654,2,354
210908888,05/04/2021 12:00:00 AM,11/12/2020 12:00:00 AM,1925,9,Van Nuys,909,2,354
210404363,01/11/2021 12:00:00 AM,12/18/2020 12:00:00 AM,1230,4,Hollenbeck,478,1,341
220106106,02/06/2022 12:00:00 AM,11/20/2020 12:00:00 AM,2300,1,Central,145,2,626
222105712,02/13/2022 12:00:00 AM,01/01/2020 12:00:00 AM,1010,21,Topanga,2103,2,354
230217098,08/21/2023 12:00:00 AM,12/01/2020 12:00:00 AM,2220,2,Rampart,271,2,354
221607826,05/01/2022 12:00:00 AM,04/01/2020 12:00:00 AM,1400,16,Foothill,1617,2,812
231505624,02/09/2023 12:00:00 AM,08/06/2020 12:00:00 AM,1025,15,N Hollywood,1545,2,354
221405000,01/19/2022 12:00:00 AM,03/02/2020 12:00:00 AM,1020,14,Pacific,1424,2,354
220711710,07/15/2022 12:00:00 AM,03/04/2020 12:00:00 AM,2220,7,Wilshire,732,2,354
221009305,05/17/2022 12:00:00 AM,06/01/2020 12:00:00 AM,1000,10,West Valley,1065,2,956
220610693,05/23/2022 12:00:00 AM,08/05/2020 12:00:00 AM,1336,6,Hollywood,645,2,354
221806712,02/28/2022 12:00:00 AM,01/01/2020 12:00:00 AM,700,18,Southeast,1822,2,812
221706362,03/08/2022 12:00:00 AM,06/01/2020 12:00:00 AM,1200,17,Devonshire,1781,2,662
221305642,02/03/2022 12:00:00 AM,05/01/2020 12:00:00 AM,800,13,Newton,1395,2,354
221806711,02/28/2022 12:00:00 AM,01/01/2020 12:00:00 AM,700,18,Southeast,1822,1,815
231010971,06/30/2023 12:00:00 AM,01/18/2020 12:00:00 AM,1435,10,West Valley,1028,2,354
220804236,01/04/2022 12:00:00 AM,12/01/2020 12:00:00 AM,700,8,West LA,895,2,954
221505658,02/08/2022 12:00:00 AM,07/02/2020 12:00:00 AM,1300,15,N Hollywood,1566,2,354
230610642,06/02/2023 12:00:00 AM,07/25/2020 12:00:00 AM,1835,6,Hollywood,631,2,354
221715285,10/26/2022 12:00:00 AM,01/01/2020 12:00:00 AM,1200,17,Devonshire,1708,2,627
231715425,09/20/2023 12:00:00 AM,09/19/2020 12:00:00 AM,2000,17,Devonshire,1797,1,420
210708528,05/07/2021 12:00:00 AM,04/07/2020 12:00:00 AM,620,7,Wilshire,789,2,900
220907962,04/14/2022 12:00:00 AM,01/01/2020 12:00:00 AM,1200,9,Van Nuys,914,2,354
231513527,08/11/2023 12:00:00 AM,08/11/2020 12:00:00 AM,1615,15,N Hollywood,1525,2,354
220617754,10/16/2022 12:00:00 AM,09/29/2020 12:00:00 AM,1130,6,Hollywood,638,2,354
220613819,07/27/2022 12:00:00 AM,12/08/2020 12:00:00 AM,656,6,Hollywood,632,2,354
221707353,02/15/2022 12:00:00 AM,08/04/2020 12:00:00 AM,1800,17,Devonshire,1703,2,740
221806077,02/15/2022 12:00:00 AM,11/01/2020 12:00:00 AM,1000,18,Southeast,1822,1,331
231415437,08/03/2023 12:00:00 AM,04/22/2020 12:00:00 AM,1700,14,Pacific,1435,1,236
221310643,05/04/2022 12:00:00 AM,06/03/2020 12:00:00 AM,1425,13,Newton,1325,2,354
222006040,02/16/2022 12:00:00 AM,02/12/2020 12:00:00 AM,945,20,Olympic,2071,2,354
231910853,06/24/2023 12:00:00 AM,08/28/2020 12:00:00 AM,1145,19,Mission,1921,2,354
221511143,06/15/2022 12:00:00 AM,11/19/2020 12:00:00 AM,719,15,N Hollywood,1543,2,354
231611060,08/14/2023 12:00:00 AM,07/06/2020 12:00:00 AM,655,16,Foothill,1678,2,354
231708351,03/23/2023 12:00:00 AM,11/01/2020 12:00:00 AM,1,17,Devonshire,1705,2,668
231804935,01/17/2023 12:00:00 AM,01/05/2020 12:00:00 AM,900,18,Southeast,1822,2,354
231507204,03/18/2023 12:00:00 AM,12/15/2020 12:00:00 AM,1500,15,N Hollywood,1555,2,354
222011043,06/11/2022 12:00:00 AM,05/01/2020 12:00:00 AM,1,20,Olympic,2081,2,956
221216573,07/15/2022 12:00:00 AM,05/15/2020 12:00:00 AM,1615,12,77th Street,1215,2,354
231716371,10/11/2023 12:00:00 AM,01/01/2020 12:00:00 AM,2020,17,Devonshire,1749,2,354
230904576,01/17/2023 12:00:00 AM,06/25/2020 12:00:00 AM,1700,9,Van Nuys,946,2,354
220613587,07/23/2022 12:00:00 AM,10/24/2020 12:00:00 AM,1,6,Hollywood,666,2,354
231304936,01/17/2023 12:00:00 AM,11/17/2020 12:00:00 AM,1250,13,Newton,1313,2,354
231008955,05/09/2023 12:00:00 AM,01/09/2020 12:00:00 AM,1,10,West Valley,1028,2,627
221810128,05/03/2022 12:00:00 AM,06/22/2020 12:00:00 AM,815,18,Southeast,1821,2,354
221718119,12/21/2022 12:00:00 AM,01/01/2020 12:00:00 AM,2100,17,Devonshire,1701,1,121
230312512,06/21/2023 12:00:00 AM,07/09/2020 12:00:00 AM,1435,3,Southwest,357,2,354
230117531,08/07/2023 12:00:00 AM,08/07/2020 12:00:00 AM,1400,1,Central,135,1,330
220710103,06/06/2022 12:00:00 AM,08/01/2020 12:00:00 AM,1200,7,Wilshire,733,2,956
220105454,01/25/2022 12:00:00 AM,09/02/2020 12:00:00 AM,1900,1,Central,159,2,745
221110794,06/22/2022 12:00:00 AM,01/20/2020 12:00:00 AM,510,11,Northeast,1141,2,354
221000883,09/21/2022 12:00:00 AM,05/01/2020 12:00:00 AM,1,10,West Valley,1037,2,860
230314458,08/01/2023 12:00:00 AM,02/01/2020 12:00:00 AM,120,3,Southwest,338,2,354
232010431,05/17/2023 12:00:00 AM,01/01/2020 12:00:00 AM,1200,20,Olympic,2055,2,626
220709236,05/15/2022 12:00:00 AM,10/28/2020 12:00:00 AM,1200,7,Wilshire,734,2,354
220207142,03/12/2022 12:00:00 AM,01/15/2020 12:00:00 AM,800,2,Rampart,235,2,860
222019482,12/20/2022 12:00:00 AM,12/20/2020 12:00:00 AM,1330,20,Olympic,2056,2,745
221916494,11/02/2022 12:00:00 AM,11/02/2020 12:00:00 AM,1225,19,Mission,1994,2,940
220917796,12/28/2022 12:00:00 AM,11/01/2020 12:00:00 AM,1735,9,Van Nuys,926,2,354
210705163,12/26/2020 12:00:00 AM,12/18/2020 12:00:00 AM,1830,7,Wilshire,734,1,440
232108067,04/17/2023 12:00:00 AM,04/17/2020 12:00:00 AM,955,21,Topanga,2133,2,354
222005167,01/06/2022 12:00:00 AM,12/01/2020 12:00:00 AM,1945,20,Olympic,2001,2,354
221004454,01/13/2022 12:00:00 AM,01/14/2020 12:00:00 AM,600,10,West Valley,1015,2,354
221709079,03/21/2022 12:00:00 AM,01/22/2020 12:00:00 AM,800,17,Devonshire,1745,2,354
232104840,01/18/2023 12:00:00 AM,12/01/2020 12:00:00 AM,1200,21,Topanga,2101,2,627
231208405,02/24/2023 12:00:00 AM,02/24/2020 12:00:00 AM,1210,12,77th Street,1265,2,354
221407872,03/20/2022 12:00:00 AM,04/01/2020 12:00:00 AM,1200,14,Pacific,1453,1,310
231306429,02/16/2023 12:00:00 AM,01/01/2020 12:00:00 AM,1410,13,Newton,1362,2,354
221407832,03/18/2021 12:00:00 AM,12/14/2020 12:00:00 AM,805,14,Pacific,1496,2,668
232110766,06/22/2023 12:00:00 AM,09/09/2020 12:00:00 AM,1300,21,Topanga,2189,2,662
221307404,03/04/2022 12:00:00 AM,11/16/2020 12:00:00 AM,200,13,Newton,1372,2,626
221211864,05/12/2022 12:00:00 AM,01/01/2020 12:00:00 AM,1200,12,77th Street,1233,1,121
221715312,10/16/2022 12:00:00 AM,07/11/2020 12:00:00 AM,200,17,Devonshire,1712,2,626
230618649,12/06/2023 12:00:00 AM,08/01/2020 12:00:00 AM,1,6,Hollywood,646,1,341
230309680,04/18/2023 12:00:00 AM,02/02/2020 12:00:00 AM,830,3,Southwest,373,2,354
220220487,11/20/2022 12:00:00 AM,09/14/2020 12:00:00 AM,1530,2,Rampart,205,2,354
221916131,10/26/2022 12:00:00 AM,03/26/2020 12:00:00 AM,2125,19,Mission,1994,2,354
221005218,02/02/2022 12:00:00 AM,09/09/2020 12:00:00 AM,1500,10,West Valley,1043,2,354
231804643,01/10/2023 12:00:00 AM,01/01/2020 12:00:00 AM,800,18,Southeast,1864,2,812
231715652,09/23/2023 12:00:00 AM,01/17/2020 12:00:00 AM,1215,17,Devonshire,1761,2,354
220817354,11/28/2022 12:00:00 AM,08/01/2020 12:00:00 AM,1,8,West LA,801,2,354
231218894,09/04/2023 12:00:00 AM,02/02/2020 12:00:00 AM,1200,12,77th Street,1256,2,626
230504426,01/10/2023 12:00:00 AM,10/31/2020 12:00:00 AM,1400,5,Harbor,506,2,354
221917878,12/13/2022 12:00:00 AM,08/01/2020 12:00:00 AM,1200,19,Mission,1907,2,812
231212872,05/26/2023 12:00:00 AM,11/06/2020 12:00:00 AM,2355,12,77th Street,1283,2,354
220512200,08/05/2022 12:00:00 AM,08/05/2020 12:00:00 AM,1640,5,Harbor,524,2,956
220604150,01/04/2022 12:00:00 AM,03/16/2020 12:00:00 AM,1200,6,Hollywood,632,1,341
220109442,04/01/2022 12:00:00 AM,01/01/2020 12:00:00 AM,1,1,Central,111,2,354
231412095,06/09/2023 12:00:00 AM,06/19/2020 12:00:00 AM,2300,14,Pacific,1458,1,121
210808759,04/29/2021 12:00:00 AM,08/03/2020 12:00:00 AM,1105,8,West LA,855,2,354
220504759,01/20/2022 12:00:00 AM,01/19/2020 12:00:00 AM,500,5,Harbor,506,1,310
220707275,03/27/2022 12:00:00 AM,06/07/2020 12:00:00 AM,1200,7,Wilshire,742,2,434
231711731,05/25/2023 12:00:00 AM,06/02/2020 12:00:00 AM,1,17,Devonshire,1737,2,354
220318720,10/19/2022 12:00:00 AM,07/10/2020 12:00:00 AM,1000,3,Southwest,395,2,666
211406426,10/25/2020 12:00:00 AM,07/02/2020 12:00:00 AM,1,14,Pacific,1488,2,860
220613117,07/12/2022 12:00:00 AM,01/02/2020 12:00:00 AM,1,6,Hollywood,637,2,354
231110083,06/13/2023 12:00:00 AM,09/22/2020 12:00:00 AM,600,11,Northeast,1151,2,649
220306276,02/19/2022 12:00:00 AM,09/20/2020 12:00:00 AM,1522,3,Southwest,392,2,354
220318758,10/19/2022 12:00:00 AM,01/15/2020 12:00:00 AM,2000,3,Southwest,363,2,956
231804115,12/28/2022 12:00:00 AM,11/22/2020 12:00:00 AM,1,18,Southeast,1802,1,121
201511143,06/11/2020 12:00:00 AM,06/09/2020 12:00:00 AM,2130,15,N Hollywood,1517,1,510
231214452,01/01/2020 12:00:00 AM,01/01/2020 12:00:00 AM,1200,12,77th Street,1268,2,354
231609173,06/14/2023 12:00:00 AM,10/15/2020 12:00:00 AM,1200,16,Foothill,1659,2,354
221006841,03/17/2022 12:00:00 AM,09/20/2020 12:00:00 AM,1215,10,West Valley,1063,2,354
220404154,01/05/2022 12:00:00 AM,12/31/2020 12:00:00 AM,2320,4,Hollenbeck,448,2,626
230706782,03/01/2023 12:00:00 AM,07/12/2020 12:00:00 AM,1925,7,Wilshire,726,2,354
231306038,02/09/2023 12:00:00 AM,03/02/2020 12:00:00 AM,1340,13,Newton,1393,2,354
221515656,10/01/2022 12:00:00 AM,02/22/2020 12:00:00 AM,745,15,N Hollywood,1548,2,354
220404758,01/25/2022 12:00:00 AM,04/12/2020 12:00:00 AM,1800,4,Hollenbeck,416,2,956
230106509,02/07/2023 12:00:00 AM,03/07/2020 12:00:00 AM,1506,1,Central,131,2,354
221307738,03/08/2022 12:00:00 AM,02/15/2020 12:00:00 AM,1130,13,Newton,1377,2,354
231221484,10/17/2023 12:00:00 AM,07/16/2020 12:00:00 AM,1730,12,77th Street,1269,2,354
221014385,09/23/2022 12:00:00 AM,09/21/2020 12:00:00 AM,600,10,West Valley,1006,2,354
212111298,07/12/2021 12:00:00 AM,11/04/2020 12:00:00 AM,900,21,Topanga,2196,2,354
221322193,12/09/2022 12:00:00 AM,06/09/2020 12:00:00 AM,2035,13,Newton,1373,2,354
221918167,12/20/2022 12:00:00 AM,12/19/2020 12:00:00 AM,1900,19,Mission,1966,1,330
210206749,03/08/2021 12:00:00 AM,11/27/2020 12:00:00 AM,1125,2,Rampart,281,2,354
230114590,06/20/2023 12:00:00 AM,02/01/2020 12:00:00 AM,1200,1,Central,111,2,354
212106349,01/14/2021 12:00:00 AM,10/14/2020 12:00:00 AM,1015,21,Topanga,2185,1,341
221208508,03/22/2022 12:00:00 AM,10/15/2020 12:00:00 AM,1200,12,77th Street,1268,1,510
211404448,01/06/2021 12:00:00 AM,12/20/2020 12:00:00 AM,2300,14,Pacific,1441,1,440
241204450,01/06/2024 12:00:00 AM,05/06/2020 12:00:00 AM,1440,12,77th Street,1251,2,354
220315466,08/21/2022 12:00:00 AM,08/20/2020 12:00:00 AM,1330,3,Southwest,363,1,330
221222292,10/25/2022 12:00:00 AM,10/25/2020 12:00:00 AM,200,12,77th Street,1283,1,510
222019110,10/12/2022 12:00:00 AM,02/09/2020 12:00:00 AM,1205,20,Olympic,2005,2,354
221107379,04/01/2022 12:00:00 AM,06/10/2020 12:00:00 AM,1140,11,Northeast,1116,2,354
231613718,11/03/2023 12:00:00 AM,12/20/2020 12:00:00 AM,1200,16,Foothill,1637,2,354
221410135,05/03/2022 12:00:00 AM,08/19/2020 12:00:00 AM,830,14,Pacific,1414,2,354
221822190,12/14/2022 12:00:00 AM,06/16/2020 12:00:00 AM,920,18,Southeast,1838,2,354
231405764,02/10/2023 12:00:00 AM,01/01/2020 12:00:00 AM,1,14,Pacific,1457,2,812
231004261,01/05/2023 12:00:00 AM,01/02/2020 12:00:00 AM,1800,10,West Valley,1029,1,420
220808005,04/07/2022 12:00:00 AM,03/08/2020 12:00:00 AM,1,8,West LA,832,2,354
220108255,03/14/2022 12:00:00 AM,01/01/2020 12:00:00 AM,420,1,Central,182,2,354
220412117,08/15/2022 12:00:00 AM,06/03/2020 12:00:00 AM,5,4,Hollenbeck,427,2,354
221110194,06/08/2022 12:00:00 AM,01/22/2020 12:00:00 AM,815,11,Northeast,1189,2,354
230704850,01/21/2023 12:00:00 AM,01/23/2020 12:00:00 AM,1000,7,Wilshire,737,1,420
231109377,05/25/2023 12:00:00 AM,05/08/2020 12:00:00 AM,2359,11,Northeast,1124,2,845
222110400,06/11/2022 12:00:00 AM,04/19/2020 12:00:00 AM,1430,21,Topanga,2138,2,354
230916996,12/02/2023 12:00:00 AM,07/01/2020 12:00:00 AM,800,9,Van Nuys,906,2,649
231223987,11/27/2023 12:00:00 AM,06/20/2020 12:00:00 AM,2045,12,77th Street,1283,2,354
232015967,09/27/2023 12:00:00 AM,09/11/2020 12:00:00 AM,1800,20,Olympic,2022,2,812
212115371,10/18/2021 12:00:00 AM,11/19/2020 12:00:00 AM,1717,21,Topanga,2157,2,354
231009996,05/19/2023 12:00:00 AM,01/03/2020 12:00:00 AM,1625,10,West Valley,1017,2,354
221704065,01/04/2022 12:00:00 AM,12/15/2020 12:00:00 AM,1400,17,Devonshire,1718,2,662
221107905,04/15/2022 12:00:00 AM,12/16/2020 12:00:00 AM,1819,11,Northeast,1124,2,354
221906797,03/10/2022 12:00:00 AM,06/30/2020 12:00:00 AM,700,19,Mission,1917,2,354
221610929,07/30/2022 12:00:00 AM,07/01/2020 12:00:00 AM,1200,16,Foothill,1695,2,627
231321739,12/08/2023 12:00:00 AM,02/20/2020 12:00:00 AM,915,13,Newton,1364,2,354
220810198,05/31/2022 12:00:00 AM,07/01/2020 12:00:00 AM,1600,8,West LA,889,1,510
220718228,12/25/2022 12:00:00 AM,07/21/2020 12:00:00 AM,120,7,Wilshire,773,2,354
220513949,09/20/2022 12:00:00 AM,08/12/2020 12:00:00 AM,800,5,Harbor,521,2,354
220510809,06/30/2022 12:00:00 AM,06/22/2020 12:00:00 AM,1220,5,Harbor,514,2,956
231306523,02/18/2023 12:00:00 AM,11/01/2020 12:00:00 AM,1200,13,Newton,1383,2,354
220515053,10/19/2022 12:00:00 AM,07/10/2020 12:00:00 AM,1500,5,Harbor,555,2,812
221612872,09/30/2022 12:00:00 AM,09/29/2020 12:00:00 AM,1130,16,Foothill,1612,2,624
212005882,02/22/2021 12:00:00 AM,07/20/2020 12:00:00 AM,1200,20,Olympic,2024,1,440
230606590,02/20/2023 12:00:00 AM,01/01/2020 12:00:00 AM,1340,6,Hollywood,632,2,354
231212326,05/19/2023 12:00:00 AM,03/19/2020 12:00:00 AM,400,12,77th Street,1232,2,354
221319009,10/07/2022 12:00:00 AM,10/07/2020 12:00:00 AM,2250,13,Newton,1326,2,354
221214276,06/03/2022 12:00:00 AM,03/03/2020 12:00:00 AM,1250,12,77th Street,1273,2,354
221223354,11/12/2022 12:00:00 AM,09/01/2020 12:00:00 AM,1200,12,77th Street,1218,1,815
201909255,04/29/2020 12:00:00 AM,04/28/2020 12:00:00 AM,1700,19,Mission,1952,1,510
221110474,06/16/2022 12:00:00 AM,06/15/2020 12:00:00 AM,2000,11,Northeast,1132,1,815
240904082,01/03/2024 12:00:00 AM,07/07/2020 12:00:00 AM,1200,9,Van Nuys,914,2,354
221313546,06/27/2022 12:00:00 AM,11/12/2020 12:00:00 AM,1200,13,Newton,1377,2,354
241204448,01/05/2024 12:00:00 AM,08/19/2020 12:00:00 AM,1830,12,77th Street,1258,2,354
220710490,04/09/2022 12:00:00 AM,08/20/2020 12:00:00 AM,2144,7,Wilshire,759,2,354
221322933,12/16/2022 12:00:00 AM,07/16/2020 12:00:00 AM,1730,13,Newton,1385,2,354
211704018,12/31/2020 12:00:00 AM,12/30/2020 12:00:00 AM,1140,17,Devonshire,1782,2,624
230506258,03/01/2023 12:00:00 AM,07/22/2020 12:00:00 AM,2000,5,Harbor,567,2,810
222115311,10/12/2022 12:00:00 AM,11/19/2020 12:00:00 AM,1200,21,Topanga,2107,2,354
231907171,03/21/2023 12:00:00 AM,03/15/2020 12:00:00 AM,1200,19,Mission,1983,2,812
220717331,12/03/2022 12:00:00 AM,11/18/2020 12:00:00 AM,1350,7,Wilshire,782,1,440
221322196,12/09/2022 12:00:00 AM,02/09/2020 12:00:00 AM,545,13,Newton,1393,2,354
220808996,05/02/2022 12:00:00 AM,12/30/2020 12:00:00 AM,1,8,West LA,823,2,354
221508746,04/19/2022 12:00:00 AM,10/30/2020 12:00:00 AM,900,15,N Hollywood,1523,2,740
221704848,01/20/2022 12:00:00 AM,03/08/2020 12:00:00 AM,1200,17,Devonshire,1791,2,956
221614389,11/18/2022 12:00:00 AM,11/17/2020 12:00:00 AM,1015,16,Foothill,1641,2,354
220416185,12/09/2022 12:00:00 AM,02/09/2020 12:00:00 AM,1710,4,Hollenbeck,462,2,354
221105114,01/31/2022 12:00:00 AM,07/27/2020 12:00:00 AM,1305,11,Northeast,1152,2,354
221316918,09/01/2022 12:00:00 AM,09/01/2020 12:00:00 AM,600,13,Newton,1317,1,510
221319458,10/17/2022 12:00:00 AM,09/01/2020 12:00:00 AM,1200,13,Newton,1367,2,627
230905264,02/04/2023 12:00:00 AM,07/04/2020 12:00:00 AM,1155,9,Van Nuys,974,2,354
221514166,08/25/2022 12:00:00 AM,04/25/2020 12:00:00 AM,815,15,N Hollywood,1591,2,354
220106667,02/15/2022 12:00:00 AM,02/06/2020 12:00:00 AM,1000,1,Central,153,2,354
221604195,01/05/2022 12:00:00 AM,02/10/2020 12:00:00 AM,1230,16,Foothill,1622,2,354
221005417,02/08/2022 12:00:00 AM,06/30/2020 12:00:00 AM,1300,10,West Valley,1001,2,354
232009541,05/08/2023 12:00:00 AM,08/01/2020 12:00:00 AM,2155,20,Olympic,2054,2,354
231715667,09/25/2023 12:00:00 AM,09/03/2020 12:00:00 AM,2000,17,Devonshire,1722,2,354
220911156,07/06/2022 12:00:00 AM,01/01/2020 12:00:00 AM,1,9,Van Nuys,941,1,310
231820987,11/27/2023 12:00:00 AM,01/27/2020 12:00:00 AM,1320,18,Southeast,1844,2,354
231304299,01/06/2023 12:00:00 AM,01/06/2020 12:00:00 AM,905,13,Newton,1391,2,354
221420220,12/10/2022 12:00:00 AM,10/24/2020 12:00:00 AM,1500,14,Pacific,1407,2,354
230312758,06/26/2023 12:00:00 AM,08/17/2020 12:00:00 AM,1435,3,Southwest,361,2,354
222007220,03/18/2022 12:00:00 AM,07/05/2020 12:00:00 AM,448,20,Olympic,2014,1,815
231310852,05/17/2023 12:00:00 AM,11/19/2020 12:00:00 AM,1540,13,Newton,1361,2,354
200308100,03/07/2020 12:00:00 AM,03/06/2020 12:00:00 AM,2200,3,Southwest,317,1,510
220509311,05/19/2022 12:00:00 AM,12/17/2020 12:00:00 AM,2210,5,Harbor,515,1,331
220806536,03/03/2022 12:00:00 AM,12/29/2020 12:00:00 AM,1,8,West LA,857,2,354
222013904,07/13/2022 12:00:00 AM,07/05/2020 12:00:00 AM,1640,20,Olympic,2033,2,354
221218275,08/24/2022 12:00:00 AM,06/01/2020 12:00:00 AM,1,12,77th Street,1253,2,662
220304310,01/07/2022 12:00:00 AM,09/22/2020 12:00:00 AM,1000,3,Southwest,334,1,352
220304311,01/07/2022 12:00:00 AM,06/07/2020 12:00:00 AM,950,3,Southwest,379,2,354
232110968,06/27/2023 12:00:00 AM,03/01/2020 12:00:00 AM,1100,21,Topanga,2128,2,662
222106599,03/09/2022 12:00:00 AM,05/28/2020 12:00:00 AM,1200,21,Topanga,2111,2,354
231307986,03/15/2023 12:00:00 AM,01/01/2020 12:00:00 AM,1,13,Newton,1364,2,626
221614385,11/19/2022 12:00:00 AM,11/18/2020 12:00:00 AM,2130,16,Foothill,1684,1,510
220805315,02/01/2022 12:00:00 AM,01/01/2020 12:00:00 AM,1200,8,West LA,898,1,236
231209551,04/03/2023 12:00:00 AM,07/02/2020 12:00:00 AM,1200,12,77th Street,1242,2,354
220612379,06/23/2022 12:00:00 AM,01/02/2020 12:00:00 AM,1200,6,Hollywood,642,2,354
231210119,04/12/2023 12:00:00 AM,01/01/2020 12:00:00 AM,1500,12,77th Street,1208,2,354
222117701,12/08/2022 12:00:00 AM,08/01/2020 12:00:00 AM,5,21,Topanga,2128,1,235
231507736,03/31/2023 12:00:00 AM,01/09/2020 12:00:00 AM,930,15,N Hollywood,1581,2,354
221516997,11/04/2022 12:00:00 AM,08/04/2020 12:00:00 AM,1200,15,N Hollywood,1523,2,354
220308398,04/01/2022 12:00:00 AM,04/01/2020 12:00:00 AM,1015,3,Southwest,379,2,354
210605032,01/25/2021 12:00:00 AM,12/12/2020 12:00:00 AM,700,6,Hollywood,676,1,440
230606956,03/06/2023 12:00:00 AM,01/06/2020 12:00:00 AM,1555,6,Hollywood,669,2,354
221017702,12/14/2022 12:00:00 AM,01/14/2020 12:00:00 AM,1615,10,West Valley,1023,2,354
232008549,04/20/2023 12:00:00 AM,04/19/2020 12:00:00 AM,2300,20,Olympic,2004,1,220
221821949,12/09/2022 12:00:00 AM,03/15/2020 12:00:00 AM,1100,18,Southeast,1826,1,420
220616628,09/19/2022 12:00:00 AM,10/26/2020 12:00:00 AM,1000,6,Hollywood,667,2,649
220804701,11/25/2020 12:00:00 AM,11/24/2020 12:00:00 AM,1520,8,West LA,898,1,310
220111693,02/09/2022 12:00:00 AM,05/28/2020 12:00:00 AM,900,1,Central,124,2,845
230608066,04/05/2023 12:00:00 AM,09/01/2020 12:00:00 AM,1600,6,Hollywood,645,1,121
230221295,11/20/2023 12:00:00 AM,11/18/2020 12:00:00 AM,1600,2,Rampart,211,1,230
221109039,05/11/2022 12:00:00 AM,03/01/2020 12:00:00 AM,1500,11,Northeast,1143,1,121
221404794,11/25/2020 12:00:00 AM,10/28/2020 12:00:00 AM,900,14,Pacific,1499,2,668
231916568,11/13/2023 12:00:00 AM,01/01/2020 12:00:00 AM,1510,19,Mission,1988,2,354
231308569,04/01/2023 12:00:00 AM,01/01/2020 12:00:00 AM,900,13,Newton,1391,2,354
231514037,08/25/2023 12:00:00 AM,01/03/2020 12:00:00 AM,5,15,N Hollywood,1519,2,661
231907935,04/11/2023 12:00:00 AM,09/24/2020 12:00:00 AM,1100,19,Mission,1988,2,740
220221673,12/14/2022 12:00:00 AM,01/01/2020 12:00:00 AM,610,2,Rampart,235,2,354
231215913,06/27/2023 12:00:00 AM,06/03/2020 12:00:00 AM,1200,12,77th Street,1241,2,354
220605196,01/26/2022 12:00:00 AM,09/20/2020 12:00:00 AM,2155,6,Hollywood,642,2,354
222005269,01/12/2022 12:00:00 AM,08/20/2020 12:00:00 AM,1740,20,Olympic,2014,2,956
211506042,02/19/2021 12:00:00 AM,11/03/2020 12:00:00 AM,1540,15,N Hollywood,1595,1,440
231108513,05/01/2023 12:00:00 AM,06/15/2020 12:00:00 AM,600,11,Northeast,1129,2,354
220804378,01/12/2022 12:00:00 AM,01/01/2020 12:00:00 AM,1200,8,West LA,829,1,341
221214939,07/01/2022 12:00:00 AM,07/20/2020 12:00:00 AM,1900,12,77th Street,1266,1,510
220322029,12/18/2022 12:00:00 AM,01/01/2020 12:00:00 AM,1155,3,Southwest,362,2,354
231219251,08/29/2023 12:00:00 AM,05/01/2020 12:00:00 AM,1000,12,77th Street,1251,2,354
221808474,03/30/2022 12:00:00 AM,01/01/2020 12:00:00 AM,1730,18,Southeast,1805,2,354
221207260,03/01/2022 12:00:00 AM,01/01/2020 12:00:00 AM,1400,12,77th Street,1283,2,810
221714096,09/27/2022 12:00:00 AM,01/09/2020 12:00:00 AM,1200,17,Devonshire,1764,2,654
222011168,06/14/2022 12:00:00 AM,06/01/2020 12:00:00 AM,1200,20,Olympic,2029,1,235
212104482,01/15/2021 12:00:00 AM,12/24/2020 12:00:00 AM,2200,21,Topanga,2158,1,330
220904316,01/10/2022 12:00:00 AM,11/24/2020 12:00:00 AM,1200,9,Van Nuys,911,1,310
231715494,09/20/2023 12:00:00 AM,06/17/2020 12:00:00 AM,800,17,Devonshire,1772,2,661
211705022,12/15/2020 12:00:00 AM,12/11/2020 12:00:00 AM,1535,17,Devonshire,1754,1,330
221808473,04/01/2022 12:00:00 AM,08/01/2020 12:00:00 AM,1925,18,Southeast,1881,2,354
221514872,09/11/2022 12:00:00 AM,06/22/2020 12:00:00 AM,247,15,N Hollywood,1523,2,956
221418660,11/08/2022 12:00:00 AM,06/18/2020 12:00:00 AM,1200,14,Pacific,1412,1,236
230405444,02/14/2023 12:00:00 AM,02/13/2020 12:00:00 AM,1500,4,Hollenbeck,406,1,330
201909450,05/05/2020 12:00:00 AM,05/05/2020 12:00:00 AM,430,19,Mission,1987,1,648
210605155,12/26/2020 12:00:00 AM,12/25/2020 12:00:00 AM,2031,6,Hollywood,643,2,956
231223483,11/21/2023 12:00:00 AM,04/21/2020 12:00:00 AM,1,12,77th Street,1266,2,845
221912349,07/11/2022 12:00:00 AM,10/14/2020 12:00:00 AM,1010,19,Mission,1925,2,354
222011665,06/27/2022 12:00:00 AM,08/30/2020 12:00:00 AM,1200,20,Olympic,2017,2,354
220116792,07/22/2022 12:00:00 AM,06/19/2020 12:00:00 AM,1200,1,Central,155,2,845
221005036,01/29/2022 12:00:00 AM,10/01/2020 12:00:00 AM,1900,10,West Valley,1035,1,121
221115841,11/02/2022 12:00:00 AM,01/21/2020 12:00:00 AM,2359,11,Northeast,1124,2,845
221010902,06/24/2022 12:00:00 AM,05/21/2020 12:00:00 AM,921,10,West Valley,1018,2,354
231109641,06/01/2023 12:00:00 AM,05/31/2020 12:00:00 AM,814,11,Northeast,1146,2,354
231204451,01/06/2023 12:00:00 AM,01/06/2020 12:00:00 AM,1550,12,77th Street,1283,2,354
210206454,03/01/2021 12:00:00 AM,09/15/2020 12:00:00 AM,1155,2,Rampart,219,2,354
221704520,12/05/2021 12:00:00 AM,12/02/2020 12:00:00 AM,1400,17,Devonshire,1781,2,354
232007295,03/22/2023 12:00:00 AM,03/01/2020 12:00:00 AM,900,20,Olympic,2022,2,624
231510507,06/01/2023 12:00:00 AM,09/06/2020 12:00:00 AM,1700,15,N Hollywood,1532,2,354
210604151,01/05/2021 12:00:00 AM,12/31/2020 12:00:00 AM,1620,6,Hollywood,668,1,442
232017258,10/16/2023 12:00:00 AM,01/28/2020 12:00:00 AM,1305,20,Olympic,2046,2,354
230109313,03/25/2023 12:00:00 AM,02/25/2020 12:00:00 AM,1045,1,Central,162,2,354
221504303,01/09/2022 12:00:00 AM,12/01/2020 12:00:00 AM,2300,15,N Hollywood,1539,1,821
230808592,04/03/2023 12:00:00 AM,10/12/2020 12:00:00 AM,1340,8,West LA,806,2,354
240304549,01/11/2024 12:00:00 AM,06/10/2020 12:00:00 AM,1655,3,Southwest,314,2,354
231107472,04/04/2023 12:00:00 AM,07/15/2020 12:00:00 AM,1445,11,Northeast,1169,2,354
220910836,06/27/2022 12:00:00 AM,06/25/2020 12:00:00 AM,2000,9,Van Nuys,926,2,740
230212110,06/08/2023 12:00:00 AM,07/03/2020 12:00:00 AM,1300,2,Rampart,245,2,354
221916217,10/28/2022 12:00:00 AM,12/23/2020 12:00:00 AM,1,19,Mission,1912,2,354
220909185,05/15/2022 12:00:00 AM,12/01/2020 12:00:00 AM,1,9,Van Nuys,933,2,812
201410297,05/01/2020 12:00:00 AM,04/30/2020 12:00:00 AM,1900,14,Pacific,1438,1,510
231420990,11/26/2023 12:00:00 AM,12/28/2020 12:00:00 AM,2130,14,Pacific,1435,2,626
222005168,01/07/2022 12:00:00 AM,02/10/2020 12:00:00 AM,1410,20,Olympic,2044,2,354
231204321,01/02/2023 12:00:00 AM,07/02/2020 12:00:00 AM,1520,12,77th Street,1266,2,354
231717133,11/02/2023 12:00:00 AM,12/02/2020 12:00:00 AM,900,17,Devonshire,1785,1,310
232009763,04/21/2023 12:00:00 AM,11/23/2020 12:00:00 AM,1700,20,Olympic,2042,2,354
231513372,08/10/2023 12:00:00 AM,08/10/2020 12:00:00 AM,135,15,N Hollywood,1555,2,354
221013527,09/02/2022 12:00:00 AM,01/14/2020 12:00:00 AM,200,10,West Valley,1004,2,922
221609445,06/13/2022 12:00:00 AM,01/01/2020 12:00:00 AM,1200,16,Foothill,1664,2,354
222017127,11/14/2022 12:00:00 AM,03/01/2020 12:00:00 AM,700,20,Olympic,2062,2,354
220813395,08/17/2022 12:00:00 AM,11/22/2020 12:00:00 AM,1300,8,West LA,841,2,649
220609056,04/15/2022 12:00:00 AM,04/04/2020 12:00:00 AM,1200,6,Hollywood,636,2,354