DR_NO,AREA,AREA NAME,Rpt Dist No,LOCATION,Cross Street,LAT,LON
201207275,12,77th Street,1208,500 W 47TH ST,,34.0007,-118.2827
201614307,16,Foothill,1675,11100 TUXFORD ST,,34.2322,-118.3745
201507435,15,N Hollywood,1585,10900 BLUFFSIDE DR,,34.1414,-118.3686
200619190,6,Hollywood,636,HOLLYWOOD BL,VINE ST,34.1016,-118.3267
201113722,11,Northeast,1112,4400 COLLEGE VIEW AV,,34.1275,-118.2226
202016869,20,Olympic,2058,900 ELDEN AV,,34.053,-118.2877
201321540,13,Newton,1325,HOOPER ST,ADAMS BL,34.0164,-118.2502
201414735,14,Pacific,1453,4300 ALLA RD,,33.989,-118.434
200209963,2,Rampart,218,600 LAVETA TR,,34.0693,-118.2582
202110843,21,Topanga,2126,21200 SATICOY ST,,34.2136,-118.5912
201812828,18,Southeast,1802,88TH PL,GRAND AV,33.9568,-118.2804
201606882,16,Foothill,1633,GLENOAKS,TERRA BELLA,34.2677,-118.4051
200714691,7,Wilshire,779,1700 4TH AV,,34.0399,-118.3213
200408471,4,Hollenbeck,497,1400 S GRANDE VISTA AV,,34.0201,-118.2104
201821381,18,Southeast,1861,120TH ST,VERMONT AV,33.9237,-118.2915
200909277,9,Van Nuys,926,6600 HAZELTINE AV,,34.1907,-118.44
201406315,14,Pacific,1494,700 WORLD WY,,33.9432,-118.4013
200408110,4,Hollenbeck,412,2600 PASADENA AV,,34.0806,-118.2176
200315436,3,Southwest,375,1800 W MARTIN LUTHER KING JR BL,,34.0146,-118.313
200412990,4,Hollenbeck,416,3700 MERCURY AV,,34.0845,-118.2002
200322053,3,Southwest,395,4100 S WESTERN AV,,34.0091,-118.3089
201812802,18,Southeast,1832,10700 S BROADWAY,,33.9392,-118.2781
202014805,20,Olympic,2036,700 S CATALINA ST,,34.058,-118.2954
201418618,14,Pacific,1472,6700 ESPLANADE ST,,33.9593,-118.4495
200406997,4,Hollenbeck,407,3600 OAK HILL AV,,34.0872,-118.1866
201212094,12,77th Street,1213,1900 W 54TH ST,,33.9933,-118.3113
201013874,10,West Valley,1033,6100 WILBUR AV,,34.1806,-118.5447
202013555,20,Olympic,2023,400 S HARVARD BL,,34.0654,-118.3041
201208722,12,77th Street,1251,6900 10TH AV,,33.9765,-118.328
200504370,5,Harbor,504,1600 W 204TH ST,,33.8457,-118.3066
200508078,5,Harbor,585,1100 W 19TH ST,,33.727,-118.3012
200215210,2,Rampart,269,700 S BIXEL ST,,34.0507,-118.2643
200509873,5,Harbor,529,ANAHEIM ST,LAKME AV,33.7802,-118.2593
201916122,19,Mission,1915,HUBBARD ST,GLENOAKS BL,34.2995,-118.4392
202010692,20,Olympic,2017,100 S NEW HAMPSHIRE AV,,34.0727,-118.2929
201915288,19,Mission,1964,VAN NUYS BL,GLEDHILL ST,34.2413,-118.4502
201822313,18,Southeast,1831,500 W 120TH ST,,33.9237,-118.2831
201308198,13,Newton,1363,900 E 50TH ST,,33.9976,-118.26
201405040,14,Pacific,1413,200 5TH AV,,33.9995,-118.4758
201117128,11,Northeast,1143,4300 AMBROSE AV,,34.1097,-118.2853
200812395,8,West LA,855,10900 OHIO AV,,34.0531,-118.4423
200616305,6,Hollywood,644,1400 N GARDNER ST,,34.0962,-118.3529
200614152,6,Hollywood,659,DE LONGPRE AV,KINGSLEY DR,34.0967,-118.3031
201609919,16,Foothill,1645,12600 REMINGTON ST,,34.2665,-118.4081
201422229,14,Pacific,1465,11900 JEFFERSON BL,,33.985,-118.4034
201611866,16,Foothill,1611,11600 WOODCOCK AV,,34.2814,-118.4269
200406004,4,Hollenbeck,468,3100 GLEASON AV,,34.0388,-118.2008
201321621,13,Newton,1342,35TH ST,MAPLE AV,34.0164,-118.2699
200611184,6,Hollywood,629,5600 SPREADING OAK DR,,34.1141,-118.3116
201227169,12,77th Street,1256,7200 S FIGUEROA ST,,33.9741,-118.2827
200207134,2,Rampart,271,2200 W OLYMPIC BL,,34.0522,-118.281
201907715,19,Mission,1981,8400 ORION AV,,34.2231,-118.4721
201513009,15,N Hollywood,1549,5500 BONNER AV,,34.17,-118.3741
201810331,18,Southeast,1834,300 E 106TH ST,,33.9402,-118.2695
200617107,6,Hollywood,643,FULLER AV,HOLLYWOOD BL,34.1016,-118.3489
200714763,7,Wilshire,779,1700 3RD AV,,34.0409,-118.3201
200113116,1,Central,192,500 W WASHINGTON BL,,34.0363,-118.2672
201216820,12,77th Street,1251,7400 CRENSHAW BL,,33.9723,-118.3309
200800003,8,West LA,855,1600 MALCOLM AV,,34.052,-118.4371
201104861,11,Northeast,1151,SUNSET,KENMORE,34.0981,-118.2972
201217423,12,77th Street,1243,6700 S VAN NESS AV,,33.9774,-118.3177
201710061,17,Devonshire,1735,17100 HORACE ST,,34.2701,-118.5056
201422237,14,Pacific,1488,5700 W CENTURY BL,,33.9456,-118.3797
201614210,16,Foothill,1612,13100 PAXTON ST,,34.2793,-118.4185
201217948,12,77th Street,1242,6400 S VAN NESS AV,,33.9818,-118.3221
201109903,11,Northeast,1171,1600 GOLDEN GATE AV,,34.0904,-118.2753
200619468,6,Hollywood,647,1500 N GOWER ST,,34.098,-118.3223
201010937,10,West Valley,1088,16300 W VENTURA BL,,34.157,-118.488
201010865,10,West Valley,1024,18700 LEMAY ST,,34.1908,-118.5404
201010605,10,West Valley,1029,15800 VANOWEN ST,,34.1976,-118.4799
201307212,13,Newton,1331,HILL ST,ADAMS,34.0248,-118.2715
201908105,19,Mission,1959,10000 BARTEE AV,,34.2522,-118.4339
201904996,19,Mission,1958,14200 VAN NUYS BL,,34.251,-118.4428
201223968,12,77th Street,1259,7300 AVALON BL,,33.973,-118.2652
201204188,12,77th Street,1245,1400 W 66TH ST,,33.9792,-118.3003
201714797,17,Devonshire,1794,18500 CHASE ST,,34.2246,-118.5361
201709947,17,Devonshire,1759,AQUEDUCT AV,ROMAR,34.2546,-118.474
201216470,12,77th Street,1235,1400 W 60TH ST,,33.9859,-118.3002
200514231,5,Harbor,561,1500 S WESTERN AV,,33.7302,-118.3135
201816762,18,Southeast,1806,89TH ST,MCKINLEY AV,33.9556,-118.2608
202009104,20,Olympic,2019,100 S VIRGIL AV,,34.0735,-118.2868
202111249,21,Topanga,2105,21800 SCHOENBORN ST,,34.221,-118.6029
200911152,9,Van Nuys,915,6900 HAZELTINE AV,,34.1976,-118.4443
201415441,14,Pacific,1432,1400 OAKWOOD AV,,33.9945,-118.4627
201314433,13,Newton,1313,1500 ESSEX ST,,34.028,-118.2488
201415167,14,Pacific,1453,4000 REDWOOD AV,,33.9906,-118.4391
201009162,10,West Valley,1004,7800 ETIWANDA AV,,34.212,-118.5317
200714862,7,Wilshire,713,300 N FAIRFAX AV,,34.0761,-118.3615
201413606,14,Pacific,1497,5200 W CENTURY BL,,33.9454,-118.3711
201416219,14,Pacific,1444,2500 LINCOLN BL,,33.9921,-118.4492
201916941,19,Mission,1944,11400 SAN FERNANDO RD,,34.2786,-118.4359
201610022,16,Foothill,1667,9300 LA TUNA CANYON RD,,34.2429,-118.3417
200909255,9,Van Nuys,905,7500 KESTER AV,,34.2067,-118.4575
201109025,11,Northeast,1127,6000 MERIDIAN ST,,34.1202,-118.1887
201809045,18,Southeast,1806,900 E 90TH ST,,33.9547,-118.2586
201822429,18,Southeast,1841,11100 S VERMONT AV,,33.9342,-118.2916
201508175,15,N Hollywood,1504,12000 RUNNYMEDE ST,,34.2058,-118.3943
202011578,20,Olympic,2025,4TH,KENMORE,34.0672,-118.2966
201822232,18,Southeast,1831,120TH ST,FIGUEROA ST,33.9237,-118.2826
200917072,9,Van Nuys,904,SATICOY ST,BURNET,34.2085,-118.4629
200709271,7,Wilshire,752,1000 S HAYWORTH AV,,34.0583,-118.3649
201422228,14,Pacific,1465,11900 JEFFERSON BL,,33.985,-118.4034
202000005,20,Olympic,2002,4900 ROSEWOOD AV,,34.0793,-118.3135
200615835,6,Hollywood,679,1000 N KINGSLEY DR,,34.0885,-118.3033
200409438,4,Hollenbeck,457,400 N MOTT ST,,34.0452,-118.2041
201113541,11,Northeast,1102,4000 BRUNSWICK AV,,34.125,-118.2657
200709855,7,Wilshire,755,1300 S RIDGELEY DR,,34.051,-118.3548
201705489,17,Devonshire,1762,9800 MASON AV,,34.2484,-118.5798
200812261,8,West LA,882,11300 W OLYMPIC BL,,34.0378,-118.4419
200807071,8,West LA,828,900 HILGARD AV,,34.0641,-118.4411
201610873,16,Foothill,1606,11500 KELOWNA ST,,34.2772,-118.3834
200409547,4,Hollenbeck,417,MISSION,COMMODORE,34.0759,-118.1952
200411216,4,Hollenbeck,499,INDIANA ST,UNION PACIFIC AV,34.0165,-118.1923
201106744,11,Northeast,1169,400 S AVENUE 56,,34.1039,-118.1934
201917945,19,Mission,1925,12300 RALSTON AV,,34.2939,-118.4481
201708923,17,Devonshire,1747,16700 CHATSWORTH ST,,34.2648,-118.4957
200408515,4,Hollenbeck,423,1900 JOHNSTON ST,,34.066,-118.2102
201218234,12,77th Street,1205,49TH ST,KANSAS AV,33.9987,-118.2938
201511749,15,N Hollywood,1504,11800 VALERIO ST,,34.2048,-118.391
200317889,3,Southwest,362,3800 POTOMAC AV,,34.0156,-118.3463
200815228,8,West LA,881,2000 GRANVILLE AV,,34.0345,-118.451
200116599,1,Central,191,1800 S FIGUEROA ST,,34.0388,-118.2717
200917938,9,Van Nuys,964,14000 RIVERSIDE DR,,34.1576,-118.4389
201821231,18,Southeast,1802,200 W 88TH PL,,33.9564,-118.2756
202009601,20,Olympic,2023,4TH,HARVARD BL,34.0672,-118.3041
201605216,16,Foothill,1651,12800 BRANFORD ST,,34.2455,-118.4177
200409210,4,Hollenbeck,449,2600 POMEROY AV,,34.0533,-118.1991
201213155,12,77th Street,1256,7200 S HOOVER ST,,33.9747,-118.2871
201414352,14,Pacific,1438,3600 GLENDON AV,,34.0209,-118.4113
201909830,19,Mission,1958,14200 ROSLYNDALE CT,,34.2482,-118.4424
200116762,1,Central,134,300 S HILL ST,,34.051,-118.2497
200710866,7,Wilshire,737,5200 WILSHIRE BL,,34.0622,-118.3434
201005197,10,West Valley,1025,ETIWANDA ST,HART ST,34.1975,-118.5317
200619815,6,Hollywood,668,VAN NESS AV,LEXINGTON AV,34.0928,-118.3158
201407308,14,Pacific,1407,3500 JASMINE AV,,34.0276,-118.4064
200414125,4,Hollenbeck,477,700 EUCLID AV,,34.0322,-118.2117
200607191,6,Hollywood,629,2200 MOUNTAIN OAK DR,,34.1097,-118.3113
202113490,21,Topanga,2143,FALLBROOK,VICTORY,34.1865,-118.6234
200613819,6,Hollywood,677,700 N WILTON PL,,34.0835,-118.3135
202104262,21,Topanga,2136,7300 MILWOOD AV,,34.2029,-118.5943
200611512,6,Hollywood,649,1600 N NORMANDIE AV,,34.0999,-118.3038
200413133,4,Hollenbeck,448,1500 N SOTO ST,,34.0607,-118.199
200609642,6,Hollywood,639,RUSSELL AV,HARVARD BL,34.1042,-118.305
202116959,21,Topanga,2172,23300 BURBANK BL,,34.1719,-118.6342
200408900,4,Hollenbeck,415,AVENUE 26,SICHEL,34.0765,-118.2131
200414480,4,Hollenbeck,459,3100 WINTER ST,,34.0456,-118.1938
201813754,18,Southeast,1823,9900 WALL ST,,33.946,-118.2717
200207753,2,Rampart,218,1100 LAVETA TR,,34.0738,-118.2568
200116466,1,Central,101,900 FIGUEROA TR,,34.0663,-118.2442
200809410,8,West LA,835,2000 WESTWOOD BL,,34.0467,-118.4341
201108768,11,Northeast,1125,4800 LINCOLN AV,,34.1214,-118.2113
202011792,20,Olympic,2021,4500 W 4TH ST,,34.0671,-118.3162
201815088,18,Southeast,1824,10000 AVALON BL,,33.9449,-118.2652
201816187,18,Southeast,1841,11000 S VERMONT AV,,33.9355,-118.2916
200713118,7,Wilshire,745,800 S ORANGE DR,,34.0588,-118.3431
200209127,2,Rampart,204,700 IMOGEN AV,,34.0822,-118.2832
200604729,6,Hollywood,627,6100 SCENIC AV,,34.1227,-118.3181
200612130,6,Hollywood,668,1200 N ST ANDREWS PL,,34.0944,-118.3125
200518363,5,Harbor,525,100 W D ST,,33.7742,-118.2626
200411655,4,Hollenbeck,414,3300 GRIFFIN AV,,34.0832,-118.2119
201114599,11,Northeast,1112,4500 VERDUGO RD,,34.1321,-118.2331
201417118,14,Pacific,1427,CLOVER AV,MILITARY AV,34.0279,-118.4249
201609782,16,Foothill,1654,12200 OSBORNE PL,,34.2619,-118.3989
200408332,4,Hollenbeck,422,2000 GRIFFIN AV,,34.0676,-118.2116
200415663,4,Hollenbeck,473,600 S BREED ST,,34.037,-118.2157
201207529,12,77th Street,1268,8500 S BROADWAY,,33.9616,-118.2782
200604223,6,Hollywood,643,1600 N POINSETTIA PL,,34.0998,-118.3479
200608143,6,Hollywood,666,1100 N CAHUENGA BL,,34.0908,-118.3289
201111573,11,Northeast,1139,300 S AVENUE 63,,34.1115,-118.1852
201318378,13,Newton,1361,4600 S BROADWAY,,34.0015,-118.2783
200216959,2,Rampart,285,1600 W 12TH ST,,34.0462,-118.276
201318530,13,Newton,1333,29TH ST,GRIFFITH,34.0171,-118.2592
200714581,7,Wilshire,773,1800 S CURSON AV,,34.0409,-118.363
200816488,8,West LA,891,11700 W PICO BL,,34.0313,-118.4464
200509982,5,Harbor,514,1000 FRIGATE AV,,33.7821,-118.278
201817025,18,Southeast,1881,16200 S MENLO AV,,33.8844,-118.2893
202017335,20,Olympic,2058,900 ELDEN AV,,34.053,-118.2877
201312292,13,Newton,1383,BROADWAY,61ST ST,33.9842,-118.2783
201115025,11,Northeast,1172,3100 W SUNSET BL,,34.0882,-118.2646
200408020,4,Hollenbeck,437,2000 N HICKS AV,,34.0667,-118.1907
202110838,21,Topanga,2137,7500 IRONDALE AV,,34.2061,-118.5852
200608949,6,Hollywood,644,1400 N DETROIT ST,,34.0962,-118.3452
200611871,6,Hollywood,615,3100 LA SUVIDA DR,,34.1325,-118.3421
200512224,5,Harbor,517,1300 EUBANK AV,,33.7892,-118.2561
200413688,4,Hollenbeck,402,700 MONTECITO DR,,34.0915,-118.1987
201215620,12,77th Street,1211,5400 CRENSHAW BL,,33.992,-118.3306
202109781,21,Topanga,2103,22100 HACKNEY ST,,34.2221,-118.6084
201410299,14,Pacific,1495,9200 AIRPORT BL,,33.9523,-118.3906
201705524,17,Devonshire,1781,8800 INDEPENDENCE AV,,34.2302,-118.5907
201817828,18,Southeast,1849,2100 E 113TH ST,,33.9325,-118.235
200915208,9,Van Nuys,969,12600 W RIVERSIDE DR,,34.1576,-118.4062
201413575,14,Pacific,1488,8700 BELLANCA AV,,33.9539,-118.3805
202011573,20,Olympic,2011,VAN NESS,1ST,34.073,-118.3157
200210261,2,Rampart,237,1300 W 2ND ST,,34.0609,-118.2586
200311833,3,Southwest,375,1800 LEIGHTON AV,,34.0128,-118.3132
200615781,6,Hollywood,667,1400 TAMARIND AV,,34.0962,-118.319
201223429,12,77th Street,1213,5700 S WILTON PL,,33.9896,-118.3149
201208401,12,77th Street,1255,1300 W 73RD ST,,33.9737,-118.2981
200906248,9,Van Nuys,985,4400 STANSBURY AV,,34.1506,-118.4411
201014226,10,West Valley,1047,17200 BURBANK BL,,34.1722,-118.5088
202016621,20,Olympic,2088,WASHINGTON BL,ORCHID AV,34.0421,-118.2879
201709891,17,Devonshire,1794,8400 RESEDA BL,,34.2227,-118.5361
202010568,20,Olympic,2029,6TH ST,WESTMORELAND,34.0637,-118.2884
200808958,8,West LA,897,NATIONAL,BAGLEY,34.0314,-118.3959
201308168,13,Newton,1353,43RD ST,MCKINLEY AV,34.0057,-118.2609
200515801,5,Harbor,506,WESTERN,214TH,33.8345,-118.3091
200515330,5,Harbor,511,1600 W PACIFIC COAST HY,,33.7895,-118.3071
200610215,6,Hollywood,643,7200 HOLLYWOOD BL,,34.1016,-118.3468
201204246,12,77th Street,1269,1000 E 80TH ST,,33.9665,-118.2575
200715831,7,Wilshire,721,8700 W 3RD ST,,34.0736,-118.3827
201612876,16,Foothill,1612,11100 NORRIS AV,,34.2719,-118.4178
200917564,9,Van Nuys,915,7000 VAN NUYS BL,,34.1975,-118.4487
201013994,10,West Valley,1003,7700 YOLANDA AV,,34.2102,-118.5404
201014342,10,West Valley,1011,7200 VANALDEN AV,,34.2012,-118.5491
200309677,3,Southwest,392,3400 W 48TH ST,,34,-118.3308
201707876,17,Devonshire,1795,8200 HAYVEN LN,,34.2248,-118.5151
200716442,7,Wilshire,767,BRONSON AV,17TH ST,34.0457,-118.3255
201015710,10,West Valley,1034,18200 FRIAR ST,,34.1861,-118.5305
201316702,13,Newton,1321,200 W 25TH ST,,34.0268,-118.2702
201914632,19,Mission,1994,14700 TITUS ST,,34.2197,-118.4536
202112177,21,Topanga,2115,21800 LANARK ST,,34.2176,-118.6045
200712053,7,Wilshire,749,800 S PLYMOUTH BL,,34.058,-118.3248
201608958,16,Foothill,1658,6800 FOOTHILL BL,,34.2516,-118.2816
200915884,9,Van Nuys,943,CHANDLER,SYLMAR,34.1699,-118.4482
200517374,5,Harbor,532,1100 N WILMINGTON BL,,33.7843,-118.2746
201915217,19,Mission,1901,16600 FOOTHILL BL,,34.3197,-118.4926
201904313,19,Mission,1924,11900 ROSSITER PL,,34.2875,-118.455
201508459,15,N Hollywood,1562,12700 MOORPARK ST,,34.1533,-118.4058
200518091,5,Harbor,525,500 GULF AV,,33.7751,-118.2725
202107698,21,Topanga,2155,6000 TOPANGA CANYON BL,,34.1828,-118.6102
201008303,10,West Valley,1037,17500 KITTRIDGE ST,,34.1902,-118.5142
201108554,11,Northeast,1141,1800 N KENMORE AV,,34.1036,-118.2973
201208165,12,77th Street,1232,5800 5TH AV,,33.9891,-118.3226
201305423,13,Newton,1341,37TH PL,HILL ST,34.0155,-118.2776
200209362,2,Rampart,205,2600 MARATHON ST,,34.0786,-118.2708
200414279,4,Hollenbeck,424,SOTO ST,VALLEY BL,34.0645,-118.1968
200209062,2,Rampart,247,300 S UNION AV,,34.0596,-118.2701
201419163,14,Pacific,1412,DUDLEY CT,SPEEDWAY,33.9947,-118.4778
200114582,1,Central,195,1300 S LOS ANGELES ST,,34.0352,-118.2598
200212418,2,Rampart,215,300 N OCCIDENTAL BL,,34.0737,-118.2775
201318881,13,Newton,1321,2400 S MAIN ST,,34.0263,-118.2678
210404848,4,Hollenbeck,491,2600 E 12TH ST,,34.0222,-118.2201
201815996,18,Southeast,1841,700 W IMPERIAL HY,,33.9367,-118.2871
201905090,19,Mission,1902,13000 GLENOAKS BL,,34.3123,-118.4558
201013186,10,West Valley,1033,CALVERT ST,YOLANDA AV,34.1819,-118.5404
201312259,13,Newton,1333,800 E 29TH ST,,34.0181,-118.2612
200612830,6,Hollywood,645,1700 ORCHID AV,,34.103,-118.3402
200309839,3,Southwest,338,2900 S BUDLONG AV,,34.0287,-118.2959
201808734,18,Southeast,1801,500 W 88TH ST,,33.9574,-118.2827
200104734,1,Central,159,4TH ST,4TH PL,34.0434,-118.2349
200909268,9,Van Nuys,948,5700 WOODMAN AV,,34.174,-118.4312
200415758,4,Hollenbeck,439,4800 DOBBS ST,,34.0732,-118.1637
200708050,7,Wilshire,721,100 S CLARK DR,,34.0753,-118.3849
201510694,15,N Hollywood,1512,12700 KITTRIDGE ST,,34.1973,-118.4116
201515001,15,N Hollywood,1581,VALLEYHEART DR,COLDWATER CANYON AV,34.1471,-118.4138
201820073,18,Southeast,1804,8600 S CENTRAL AV,,33.9595,-118.2564
201308438,13,Newton,1321,200 W 23RD ST,,34.0285,-118.2691
202017503,20,Olympic,2079,1500 VENICE BL,,34.0457,-118.2878
200312025,3,Southwest,379,1100 W 39TH PL,,34.0142,-118.2954
200114985,1,Central,157,500 STANFORD AV,,34.0416,-118.244
201205502,12,77th Street,1213,1600 W 53RD ST,,33.9942,-118.3046
201409161,14,Pacific,1494,700 WORLD WAY,,33.9432,-118.4013
201310062,13,Newton,1325,1200 E 28TH ST,,34.0159,-118.2536
210104142,1,Central,195,1600 S MAIN ST,,34.0332,-118.2629
201914554,19,Mission,1951,10400 LANGDON AV,,34.2593,-118.4695
201700001,17,Devonshire,1735,17100 CHATSWORTH ST,,34.2684,-118.5149
200709303,7,Wilshire,727,200 S HIGHLAND AV,,34.0711,-118.3386
200804748,8,West LA,827,11700 MONTANA AV,,34.055,-118.4671
201422104,14,Pacific,1406,10600 VENICE BL,,34.0192,-118.4059
201219986,12,77th Street,1219,SLAUSON AV,FIGUEROA ST,33.9892,-118.2827
201421686,14,Pacific,1452,4600 OCEAN FRONT WK,,33.9729,-118.4595
201506002,15,N Hollywood,1501,7600 ATOLL AV,,34.209,-118.4206
200907948,9,Van Nuys,943,14100 BURBANK BL,,34.1721,-118.44
200309775,3,Southwest,333,28TH ST,VICTORIA AV,34.0312,-118.3363
201208561,12,77th Street,1267,83RD ST,FIGUEROA,33.9642,-118.2827
200509869,5,Harbor,531,25900 FRAMPTON AV,,33.7866,-118.3044
200505096,5,Harbor,504,20900 DENKER AV,,33.8399,-118.3039
200507001,5,Harbor,563,11TH ST,PACIFIC AV,33.7342,-118.2879
201412987,14,Pacific,1494,400 WORLD WAY,,33.9431,-118.4081
202115554,21,Topanga,2155,6300 TOPANGA CANYON BL,,34.1828,-118.6102
201513466,15,N Hollywood,1521,13200 VANOWEN ST,,34.198,-118.4216
201412826,14,Pacific,1406,3700 KEYSTONE AV,,34.0201,-118.4068
200813482,8,West LA,841,1400 BROCKTON AV,,34.0427,-118.4624
201106076,11,Northeast,1137,5100 GRANADA ST,,34.1101,-118.204
201911867,19,Mission,1985,8800 VAN NUYS BL,,34.2301,-118.4502
200704822,7,Wilshire,702,SPAULDING AV,CLINTON ST,34.0818,-118.3574
200406824,4,Hollenbeck,406,4200 VIA ARBOLADA,,34.096,-118.185
201820407,18,Southeast,1851,400 W 130TH ST,,33.9144,-118.2827
200314126,3,Southwest,395,4200 S HOBART BL,,34.0071,-118.3078
201320732,13,Newton,1367,4400 S ALAMEDA ST,,33.9993,-118.2432
201317541,13,Newton,1343,800 E 40TH PL,,34.0102,-118.2615
201418538,14,Pacific,1457,12100 CULVER DR,,33.9881,-118.4146
201227374,12,77th Street,1213,5600 DENKER AV,,33.9921,-118.3108
201517608,15,N Hollywood,1511,13200 LEADWELL ST,,34.2039,-118.4205
202114158,21,Topanga,2139,20200 SATICOY ST,,34.2084,-118.5735
202104923,21,Topanga,2183,23100 AVENUE SAN LUIS,,34.1618,-118.6302
200114063,1,Central,161,700 S FIGUEROA ST,,34.0483,-118.2631
200215549,2,Rampart,275,1900 W OLYMPIC BL,,34.0508,-118.2777
200318355,3,Southwest,392,4400 5TH AV,,34.0032,-118.3225
200211150,2,Rampart,246,300 S WESTLAKE AV,,34.0608,-118.2726
201227222,12,77th Street,1258,100 W 74TH ST,,33.9727,-118.2739
201216693,12,77th Street,1257,77TH,HOOVER,33.9698,-118.2871
202009620,20,Olympic,2019,100 S HOOVER ST,,34.0728,-118.2878
201814878,18,Southeast,1823,400 E 101ST ST,,33.9447,-118.2658
200816893,8,West LA,809,9400 READCREST DR,,34.0976,-118.4029
200713225,7,Wilshire,777,1600 CRENSHAW BL,,34.0429,-118.3329
200414401,4,Hollenbeck,477,700 S MATHEWS ST,,34.0344,-118.2136
200309079,3,Southwest,396,800 W 42ND PL,,34.0065,-118.2872
201915591,19,Mission,1913,14900 OSWALD ST,,34.3006,-118.4602
200715655,7,Wilshire,785,4700 W 23RD ST,,34.035,-118.3427
201414083,14,Pacific,1425,3100 SAWTELLE BL,,34.0209,-118.4318
200311105,3,Southwest,362,4500 RODEO LN,,34.0203,-118.3452
200116473,1,Central,195,1300 S HILL ST,,34.0372,-118.2625
200111184,1,Central,176,300 E 8TH ST,,34.0413,-118.2517
202117018,21,Topanga,2102,8300 DENISE LN,,34.2196,-118.631
201016530,10,West Valley,1039,6700 HASKELL AV,,34.192,-118.4749
200218535,2,Rampart,235,ALVARADO,COURT,34.0677,-118.2731
201113542,11,Northeast,1112,4500 W AVENUE 40,,34.1318,-118.2312
200507627,5,Harbor,532,1000 RONAN AV,,33.7824,-118.2719
211004370,10,West Valley,1001,8200 VANALDEN AV,,34.2193,-118.5492
200415525,4,Hollenbeck,448,1500 N INDIANA ST,,34.0591,-118.1965
200108260,1,Central,118,SPRING ST,SOTELLO ST,34.0677,-118.2309
202109970,21,Topanga,2139,20200 COHASSET ST,,34.2071,-118.5739
201415703,14,Pacific,1432,800 CALIFORNIA AV,,33.9947,-118.4632
201604273,16,Foothill,1601,12900 FOOTHILL BL,,34.2935,-118.4152
202008589,20,Olympic,2021,4600 W 3RD ST,,34.069,-118.3154
201604233,16,Foothill,1612,11100 DE HAVEN AV,,34.2743,-118.4138
200716747,7,Wilshire,782,SYCAMORE AV,21ST ST,34.0387,-118.3717
201318181,13,Newton,1351,200 W 41ST ST,,34.0091,-118.2762
201519119,15,N Hollywood,1545,12000 HARTSOOK ST,,34.164,-118.3958
201105181,11,Northeast,1138,6100 ALDAMA ST,,34.1172,-118.1912
201105983,11,Northeast,1128,6300 N FIGUEROA ST,,34.1155,-118.1843
201604143,16,Foothill,1654,MONTAGUE,BRADLEY,34.2528,-118.4042
201219560,12,77th Street,1269,700 E 79TH ST,,33.9674,-118.263
201806486,18,Southeast,1836,1400 E 108TH ST,,33.9378,-118.2499
201211994,12,77th Street,1259,800 E FLORENCE AV,,33.9748,-118.2608
201314544,13,Newton,1361,46TH ST,BROADWAY,34.002,-118.2783
201906092,19,Mission,1901,16600 FOOTHILL BL,,34.3216,-118.4958
201821435,18,Southeast,1802,300 W MANCHESTER AV,,33.9601,-118.2783
201908200,19,Mission,1977,13600 RAYEN ST,,34.2385,-118.4293
201409919,14,Pacific,1494,300 WORLD WY,,33.9449,-118.4061
200415354,4,Hollenbeck,487,GARNET ST,MARIETTA ST,34.0281,-118.2142
202014688,20,Olympic,2038,SHATTO PL,WILSHIRE BL,34.0618,-118.2903
202016589,20,Olympic,2071,1500 S WILTON PL,,34.0436,-118.3145
200711276,7,Wilshire,729,200 S PLYMOUTH BL,,34.0726,-118.3279
200507886,5,Harbor,528,1000 MCFARLAND AV,,33.7833,-118.2528
200612787,6,Hollywood,647,6200 W HOLLYWOOD BL,,34.1016,-118.3252
200806868,8,West LA,827,11600 GORHAM AV,,34.0559,-118.4636
201518791,15,N Hollywood,1525,5600 COLFAX AV,,34.1826,-118.3916
201006479,10,West Valley,1065,5300 NEWCASTLE AV,,34.1667,-118.5243
201107817,11,Northeast,1142,1900 RODNEY DR,,34.1054,-118.2889
201009328,10,West Valley,1025,6900 CHIMINEAS AV,,34.196,-118.5284
201705038,17,Devonshire,1728,18200 BERMUDA ST,,34.2663,-118.5296
200114869,1,Central,119,ALPINE ST,MAIN ST,34.0614,-118.2357
200510629,5,Harbor,566,200 W 10TH ST,,33.7351,-118.2814
200309772,3,Southwest,363,3700 VIRGINIA RD,,34.0166,-118.3395
200916139,9,Van Nuys,911,15600 VANOWEN ST,,34.1939,-118.4732
200312723,3,Southwest,363,4000 PALMYRA RD,,34.0142,-118.3423
200410932,4,Hollenbeck,423,1700 SICHEL ST,,34.0618,-118.2127
201313187,13,Newton,1307,9TH ST,GLADYS,34.0344,-118.2471
201822475,18,Southeast,1891,16900 S DENVER AV,,33.8777,-118.2836
201410333,14,Pacific,1445,12400 WASHINGTON PL,,33.9989,-118.4369
201615864,16,Foothill,1623,VAN NUYS BL,LEHIGH AV,34.2694,-118.4173
201916887,19,Mission,1909,13100 HUBBARD ST,,34.3175,-118.419
201914620,19,Mission,1987,8400 MATILIJA AV,,34.2237,-118.435
201608142,16,Foothill,1695,7800 VINELAND AV,,34.2108,-118.3719
201105179,11,Northeast,1142,4600 LOS FELIZ BL,,34.1115,-118.2894
201115104,11,Northeast,1138,5800 BUCHANAN ST,,34.1173,-118.191
200614040,6,Hollywood,669,OXFORD,FLEMISH,34.0908,-118.3073
200118039,1,Central,139,200 S SANTA FE AV,,34.046,-118.2326
201915105,19,Mission,1925,12200 FRANK MODUGNO DR,,34.2928,-118.4493
201008795,10,West Valley,1035,18300 KITTRIDGE ST,,34.1902,-118.5335
201009545,10,West Valley,1018,16000 WYANDOTTE ST,,34.203,-118.4815
201211013,12,77th Street,1255,7300 S NORMANDIE AV,,33.9728,-118.3003
200508484,5,Harbor,532,1000 RAVENNA AV,,33.7866,-118.2717
200216273,2,Rampart,269,700 S BIXEL ST,,34.0507,-118.2643
201212051,12,77th Street,1258,SAN PEDRO,FLORENCE,33.9747,-118.2695
200411313,4,Hollenbeck,497,3100 E OLYMPIC BL,,34.0206,-118.2115
201706278,17,Devonshire,1794,CHASE ST,LINDLEY AV,34.2246,-118.5274
200815693,8,West LA,898,8900 HARGIS ST,,34.0352,-118.387
201518964,15,N Hollywood,1557,10700 CAMARILLO ST,,34.1577,-118.3648
201811181,18,Southeast,1837,111TH ST,COMPTON AV,33.9348,-118.2463
200407133,4,Hollenbeck,437,4500 VALLEY BL,,34.0627,-118.1869
202105022,21,Topanga,2175,PONCE AV,DEL VALLE ST,34.1669,-118.6207
200412325,4,Hollenbeck,445,1000 BRITTANIA ST,,34.0562,-118.2089
201415561,14,Pacific,1409,9400 REGENT ST,,34.0272,-118.3977
202115197,21,Topanga,2103,22100 LONDELIUS ST,,34.2292,-118.6064
200907973,9,Van Nuys,943,SYLMAR,TIARA,34.1785,-118.4465
202018341,20,Olympic,2071,1400 S ST ANDREWS PL,,34.0454,-118.3134
200504790,5,Harbor,501,18600 S VERMONT AV,,33.862,-118.2906
200211927,2,Rampart,212,3900 MIDDLEBURY ST,,34.0798,-118.2892
201611825,16,Foothill,1695,FAIR ST,ARMINTA ST,34.2135,-118.3747
202006917,20,Olympic,2041,800 5TH AV,,34.0543,-118.3193
201821652,18,Southeast,1863,AVALON BL,119TH ST,33.9247,-118.2652
201811748,18,Southeast,1823,400 E 93RD ST,,33.952,-118.2673
201320779,13,Newton,1324,1200 E 25TH ST,,34.0203,-118.2506
201613098,16,Foothill,1621,PINNEY ST,SAN FERNANDO RD,34.2627,-118.4347
201011345,10,West Valley,1015,7300 ETIWANDA AV,,34.2032,-118.5317
201911299,19,Mission,1963,14600 NOVICE ST,,34.2437,-118.4512
200517426,5,Harbor,519,1300 E CRUCES ST,,33.7934,-118.2483
201411245,14,Pacific,1473,7500 W MANCHESTER AV,,33.9619,-118.4327
201318540,13,Newton,1346,1100 E VERNON AV,,34.006,-118.2513
200407052,4,Hollenbeck,421,DARWIN,AVENUE 19,34.0675,-118.2195
210304053,3,Southwest,397,42ND ST,BRIGHTON AV,34.0061,-118.3013
201113988,11,Northeast,1157,1300 N SAN FERNANDO RD,,34.0974,-118.2367
201224955,12,77th Street,1256,500 W 75TH ST,,33.9717,-118.2833
200717098,7,Wilshire,706,HIGHLAND,MELROSE,34.0835,-118.3386
200209990,2,Rampart,237,200 BELMONT AV,,34.0646,-118.263
200809584,8,West LA,829,10400 EASTBORNE AV,,34.0576,-118.4259
201310114,13,Newton,1362,5000 S MAIN ST,,33.9974,-118.274
200404382,4,Hollenbeck,449,1000 N FICKETT ST,,34.0522,-118.2019
201420093,14,Pacific,1406,3700 KEYSTONE AV,,34.0201,-118.4068
200910540,9,Van Nuys,909,13500 VALERIO ST,,34.2049,-118.4286
200916976,9,Van Nuys,941,5700 VAN NUYS BL,,34.1766,-118.4589
200517992,5,Harbor,585,2000 S ALMA ST,,33.7252,-118.299
201210382,12,77th Street,1245,1000 W 65TH PL,,33.9799,-118.2918
200613755,6,Hollywood,648,5400 CARLTON WY,,34.1005,-118.3092
200813598,8,West LA,853,SANTA MONICA BL,SAWTELLE BL,34.0466,-118.4479
202112033,21,Topanga,2103,ROSCOE BL,PEYTON WY,34.2196,-118.6094
200208139,2,Rampart,266,800 S UNION AV,,34.0531,-118.2738
200415357,4,Hollenbeck,491,SOTO ST,OLYMPIC BL,34.0249,-118.2198
201204114,12,77th Street,1235,1200 W 60TH ST,,33.9859,-118.2958
200809400,8,West LA,835,2000 WESTWOOD BL,,34.0467,-118.4341
200411139,4,Hollenbeck,469,300 N INDIANA ST,,34.0394,-118.1925
201612438,16,Foothill,1667,9200 SUNLAND BL,,34.2374,-118.3676
201613620,16,Foothill,1602,11600 DRONFIELD AV,,34.2803,-118.407
201409974,14,Pacific,1407,3400 CLARINGTON AV,,34.0293,-118.4055
201607981,16,Foothill,1698,10500 LANARK ST,,34.2174,-118.3599
212004302,20,Olympic,2026,300 S CATALINA ST,,34.0674,-118.2954
202116806,21,Topanga,2125,7600 OWENSMOUTH AV,,34.2083,-118.6016
200408252,4,Hollenbeck,402,5300 MONTEREY RD,,34.0923,-118.1978
200209070,2,Rampart,269,8TH ST,HARTFORD,34.0501,-118.2686
201517008,15,N Hollywood,1532,6100 WHITSETT AV,,34.1816,-118.4053
200413100,4,Hollenbeck,423,MAIN ST,WORKMAN ST,34.066,-118.2141
202008905,20,Olympic,2054,IROLO,11TH,34.0509,-118.301
201417993,14,Pacific,1458,11300 CULVER BL,,33.9996,-118.4144
200512103,5,Harbor,564,200 W 6TH ST,,33.7387,-118.2814
200321750,3,Southwest,357,1100 W 36TH PL,,34.0221,-118.2938
201906937,19,Mission,1983,PARTHENIA,NOBLE,34.2283,-118.4611
201614330,16,Foothill,1656,10300 MOUNT GLEASON AV,,34.2549,-118.3195
201416021,14,Pacific,1463,5300 PLAYA VISTA DR,,33.9749,-118.4281
200505028,5,Harbor,585,1100 W 20TH ST,,33.7261,-118.3012
201320845,13,Newton,1354,WOODLAWN AV,VERMONT ST,34.0083,-118.2719
201209090,12,77th Street,1243,1900 W 67TH ST,,33.9785,-118.3112
201112231,11,Northeast,1142,4400 KINGSWELL AV,,34.1027,-118.2874
200516794,5,Harbor,557,100 N GAFFEY ST,,33.7433,-118.2923
201309550,13,Newton,1307,700 STANFORD AV,,34.039,-118.2444
200516522,5,Harbor,587,4000 S CAROLINA ST,,33.707,-118.2907
201510393,15,N Hollywood,1516,11600 VANOWEN ST,,34.194,-118.3845
200121257,1,Central,111,500 N FIGUEROA ST,,34.0615,-118.247
200611528,6,Hollywood,666,1100 N HUDSON AV,,34.0907,-118.3324
200715682,7,Wilshire,739,300 S ARDEN BL,,34.0671,-118.3259
201607421,16,Foothill,1681,8200 WHITSETT AV,,34.2199,-118.4053
201614103,16,Foothill,1663,EL DORADO AV,JEROME ST,34.2409,-118.3987
201822877,18,Southeast,1851,13200 S VERMONT AV,,33.9119,-118.2916
201419992,14,Pacific,1412,00 THORNTON AV,,33.9925,-118.4772
200915067,9,Van Nuys,919,13500 SHERMAN WY,,34.2012,-118.4281
201321193,13,Newton,1364,5000 S CENTRAL AV,,33.9979,-118.2565
201821441,18,Southeast,1802,89TH ST,FIGUEROA,33.956,-118.2827
200407891,4,Hollenbeck,455,300 N BREED ST,,34.0473,-118.2089
201912907,19,Mission,1913,13400 HERRICK AV,,34.315,-118.4658
201411834,14,Pacific,1434,3600 COLONIAL AV,,34.0076,-118.4381
200516021,5,Harbor,532,600 W OPP ST,,33.7866,-118.2717
201314264,13,Newton,1395,7000 AVALON BL,,33.976,-118.2652
201912375,19,Mission,1998,7900 PEACHTREE AV,,34.2139,-118.4353
200917876,9,Van Nuys,914,7000 NATICK AV,,34.1975,-118.4542
201107924,11,Northeast,1134,2600 W AVENUE 31,,34.1096,-118.2395
201815864,18,Southeast,1826,1400 E 92ND ST,,33.9533,-118.2482
200217049,2,Rampart,216,WATERLOO ST,BELLEVUE AV,34.075,-118.2687
200315999,3,Southwest,362,3800 COCO AV,,34.0147,-118.35
200410664,4,Hollenbeck,499,3600 E OLYMPIC BL,,34.0188,-118.201
201205370,12,77th Street,1207,900 W 48TH ST,,33.9996,-118.2893
201216936,12,77th Street,1231,4000 W 62ND ST,,33.9835,-118.3446
200513111,5,Harbor,503,700 W PACIFIC COAST HY,,33.7941,-118.29
200509555,5,Harbor,528,1200 BLINN AV,,33.7876,-118.2452
200314676,3,Southwest,379,3900 WISCONSIN ST,,34.0142,-118.2925
201604953,16,Foothill,1642,13100 KAGEL CANYON ST,,34.2579,-118.4225
200710809,7,Wilshire,735,5300 WILSHIRE BL,,34.0623,-118.344
200505771,5,Harbor,551,300 MIRALESTE DR,,33.7426,-118.3195
200414317,4,Hollenbeck,459,BERNAL,CESAR E CHAVEZ,34.0407,-118.1939
201610517,16,Foothill,1653,12800 SUNBURST ST,,34.2544,-118.4111
201016331,10,West Valley,1033,18800 SYLVAN ST,,34.1848,-118.5433
201809359,18,Southeast,1846,11300 ZAMORA AV,,33.932,-118.251
201307328,13,Newton,1321,100 E 23RD ST,,34.0273,-118.2671
202018358,20,Olympic,2033,900 S OXFORD AV,,34.0545,-118.3078
200918167,9,Van Nuys,906,7600 VAN NUYS BL,,34.2085,-118.4488
201821788,18,Southeast,1822,10000 S MAIN ST,,33.9452,-118.2739
201607867,16,Foothill,1668,7400 FOOTHILL BL,,34.2514,-118.2932
200412675,4,Hollenbeck,429,STOCKBRIDGE,ALLAN,34.0811,-118.1633
201613117,16,Foothill,1668,7000 FOOTHILL BL,,34.2479,-118.2841
201822383,18,Southeast,1801,8900 MENLO AV,,33.9565,-118.2904
201917403,19,Mission,1967,13600 KAGEL CANYON ST,,34.2432,-118.4318
201907981,19,Mission,1984,CHASE ST,CEDROS AV,34.2247,-118.4535
201225337,12,77th Street,1293,10300 S MANHATTAN PL,,33.9418,-118.3102
200407725,4,Hollenbeck,427,GAMBIER ST,MINTO CT,34.081,-118.1819
202011567,20,Olympic,2023,HARVARD BL,5TH ST,34.0654,-118.3041
201911217,19,Mission,1956,10000 KESTER AV,,34.2523,-118.4565
200807608,8,West LA,852,1700 BROCKTON AV,,34.0386,-118.4588
201910792,19,Mission,1909,13700 MARCHANT AV,,34.3214,-118.4087
200508076,5,Harbor,585,2100 S ALMA ST,,33.7252,-118.299
200107740,1,Central,111,ALPINE,CLEVELAND,34.0635,-118.2416
202004547,20,Olympic,2063,2900 W PICO BL,,34.049,-118.3066
201509789,15,N Hollywood,1504,11700 RUNNYMEDE ST,,34.2058,-118.3878
201712123,17,Devonshire,1763,WINNETKA AV,MAYALL ST,34.2536,-118.5711
201112940,11,Northeast,1199,600 SOLANO AV,,34.0755,-118.2321
202110110,21,Topanga,2159,HAMLIN ST,HAYNES ST,34.188,-118.5662
201607473,16,Foothill,1675,8800 NORRIS AV,,34.2268,-118.3693
201014678,10,West Valley,1027,6800 LOUISE AV,,34.1939,-118.5098
201321472,13,Newton,1325,1100 E ADAMS BL,,34.0185,-118.2544
201005418,10,West Valley,1011,SHERMAN WY,CALVIN AV,34.2012,-118.5557
201611439,16,Foothill,1687,11100 STRATHERN ST,,34.2157,-118.373
201907343,19,Mission,1958,14000 PIERCE ST,,34.2517,-118.445
200505185,5,Harbor,505,19000 S VERMONT AV,,33.8524,-118.2924
202010750,20,Olympic,2041,3500 W OLYMPIC BL,,34.0526,-118.315
200815289,8,West LA,898,8900 HARGIS ST,,34.0352,-118.387
201813363,18,Southeast,1862,11900 S FIGUEROA ST,,33.9248,-118.2826
201515517,15,N Hollywood,1591,12800 W VENTURA BL,,34.1448,-118.4115
201814063,18,Southeast,1846,1400 E 111TH ST,,33.9348,-118.2487
201814859,18,Southeast,1841,11000 S VERMONT AV,,33.9355,-118.2916
201708545,17,Devonshire,1755,18000 DEVONSHIRE ST,,34.2573,-118.5255
200511989,5,Harbor,505,1200 W 190TH ST,,33.8583,-118.2969
200611950,6,Hollywood,643,1500 N LA BREA AV,,34.1007,-118.3494
200414248,4,Hollenbeck,455,2000 E CESAR E CHAVEZ AV,,34.0512,-118.2093
201610431,16,Foothill,1675,8500 LEHIGH AV,,34.2239,-118.3678
200117622,1,Central,182,1200 S HOPE ST,,34.0406,-118.2646
200212864,2,Rampart,215,3300 W TEMPLE ST,,34.0757,-118.2777
200815870,8,West LA,817,10800 WEYBURN AV,,34.0623,-118.4434
200207537,2,Rampart,204,900 KODAK DR,,34.0839,-118.2803
201014808,10,West Valley,1047,17500 BURBANK BL,,34.1723,-118.5145
201319632,13,Newton,1353,1000 E 46TH ST,,34.0018,-118.2581
201112072,11,Northeast,1143,2400 RONDA VISTA DR,,34.1049,-118.2766
201709226,17,Devonshire,1798,15800 BAHAMA ST,,34.2329,-118.4775
201911503,19,Mission,1921,12700 SAN FERNANDO RD,,34.3048,-118.4665
201815902,18,Southeast,1826,1400 E 92ND ST,,33.9533,-118.2482
200412907,4,Hollenbeck,469,LORENA ST,1ST ST,34.0368,-118.195
200912833,9,Van Nuys,969,12700 W RIVERSIDE DR,,34.1576,-118.4099
200110927,1,Central,182,HOPE ST,PICO ST,34.0395,-118.2656
200312844,3,Southwest,398,4100 S FIGUEROA ST,,34.0074,-118.285
201914314,19,Mission,1993,15200 LANARK ST,,34.2179,-118.4636
200317975,3,Southwest,377,39TH PL,NORMANDIE,34.0142,-118.3002
201806601,18,Southeast,1821,700 W COLDEN AV,,33.9492,-118.2869
201108930,11,Northeast,1124,SAN FERNANDO RD,ROSWELL ST,34.1142,-118.2451
200319682,3,Southwest,397,4300 S NORMANDIE AV,,34.0055,-118.3002
200809228,8,West LA,899,8700 CATTARAUGUS AV,,34.0329,-118.3825
200115356,1,Central,192,1800 S FLOWER ST,,34.0347,-118.2703
201317591,13,Newton,1313,700 E 15TH ST,,34.0286,-118.2512
200715279,7,Wilshire,736,400 S DETROIT ST,,34.0649,-118.3451
201219146,12,77th Street,1235,58TH ST,NORMANDIE,33.9883,-118.3002
201910355,19,Mission,1972,NOBLE,RAYEN,34.2329,-118.4611
201906454,19,Mission,1974,8900 VAN NUYS BL,,34.2337,-118.4536
200506742,5,Harbor,507,1500 226TH ST,,33.8213,-118.3051
201108525,11,Northeast,1134,3100 CAZADOR ST,,34.1048,-118.234
200814004,8,West LA,805,2300 ROSCOMARE RD,,34.1016,-118.4698
201514629,15,N Hollywood,1538,11100 CALIFA ST,,34.1776,-118.3747
200713177,7,Wilshire,715,7100 BEVERLY BL,,34.0762,-118.3446
201211645,12,77th Street,1215,5700 S BUDLONG AV,,33.9906,-118.2958
201317167,13,Newton,1309,1900 E 20TH ST,,34.018,-118.2369
210504057,5,Harbor,503,25200 VERMONT AV,,33.7963,-118.2908
202012248,20,Olympic,2022,600 S WESTERN AV,,34.0655,-118.3114
200807722,8,West LA,882,11300 W OLYMPIC BL,,34.0378,-118.4419
202011449,20,Olympic,2055,KENMORE AV,OLYMPIC AV,34.0527,-118.2968
201409671,14,Pacific,1463,WESTLAWN AV,JEFFERSON BL,33.9793,-118.4138
200212045,2,Rampart,217,400 N ALVARADO ST,,34.0703,-118.268
201822125,18,Southeast,1824,900 E CENTURY BL,,33.9455,-118.2585
200121436,1,Central,154,500 S SPRING ST,,34.0468,-118.2502
201321784,13,Newton,1375,1300 E 57TH ST,,33.9911,-118.2521
200507774,5,Harbor,515,100 W PACIFIC COAST HY,,33.7948,-118.2694
201308787,13,Newton,1393,FLORES,BROADWAY,33.9786,-118.2761
200308200,3,Southwest,338,VERMONT,JEFFERSON,34.0255,-118.2915
201816215,18,Southeast,1821,700 W COLDEN AV,,33.9491,-118.2893
201209176,12,77th Street,1219,400 W 58TH ST,,33.9898,-118.281
201311545,13,Newton,1361,100 W VERNON AV,,34.0038,-118.274
201912903,19,Mission,1907,13500 HUBBARD ST,,34.3098,-118.4277
201408596,14,Pacific,1469,5400 THORNBURN ST,,33.9716,-118.3747
201413554,14,Pacific,1494,5600 W IMPERIAL HY,,33.9318,-118.3952
201806580,18,Southeast,1844,111TH ST,TOWNE AV,33.9348,-118.2673
201814817,18,Southeast,1881,16000 ESTRELLA AV,,33.8867,-118.2862
201613454,16,Foothill,1619,10700 LAS LUNITAS AV,,34.2628,-118.2913
200914195,9,Van Nuys,948,13600 CHANDLER BL,,34.1686,-118.4297
200918946,9,Van Nuys,998,4200 FULTON AV,,34.1466,-118.4225
200511012,5,Harbor,525,AVALON BL,F ST,33.7771,-118.2622
201008543,10,West Valley,1078,5100 VALJEAN AV,,34.1619,-118.4859
201610582,16,Foothill,1633,12300 GLAMIS ST,,34.2673,-118.4029
200413059,4,Hollenbeck,478,1000 S DACOTAH ST,,34.0272,-118.2085
200217021,2,Rampart,236,200 S BONNIE BRAE ST,,34.0632,-118.2694
201420761,14,Pacific,1454,13400 MAXELLA AV,,33.987,-118.4407
201224270,12,77th Street,1273,9100 S DENKER AV,,33.9527,-118.3047
201204551,12,77th Street,1253,76TH ST,GRAMERCY PL,33.9709,-118.3156
200210200,2,Rampart,299,TOBERMAN,14TH ST,34.0426,-118.2769
201210777,12,77th Street,1232,5800 WEST BL,,33.989,-118.3352
201917305,19,Mission,1993,NOBLE AV,ROSCOE BL,34.2215,-118.4618
201710575,17,Devonshire,1781,8800 MASON AV,,34.2302,-118.5798
201820156,18,Southeast,1823,200 E CENTURY BL,,33.9456,-118.2717
201407546,14,Pacific,1483,9300 LINCOLN BL,,33.9552,-118.4141
201109159,11,Northeast,1152,CLAYTON AV,COMMONWEALTH AV,34.1,-118.2852
200305497,3,Southwest,353,3700 MUIRFIELD RD,,34.0195,-118.3422
201311954,13,Newton,1327,1600 E 22ND ST,,34.0175,-118.2456
200405717,4,Hollenbeck,437,4100 HATFIELD PL,,34.067,-118.1949
200414010,4,Hollenbeck,457,600 N SOTO ST,,34.0495,-118.2061
201512138,15,N Hollywood,1519,6700 N CLYBOURN AV,,34.1922,-118.3637
200708815,7,Wilshire,776,4500 SATURN ST,,34.0425,-118.3362
200615210,6,Hollywood,636,HOLLYWOOD,HIGHLAND,34.1016,-118.3387
200404917,4,Hollenbeck,455,SAINT LOUIS,CITY VIEW AV,34.0523,-118.2091
202110457,21,Topanga,2157,6500 INDEPENDENCE AV,,34.1889,-118.5906
200510285,5,Harbor,511,1400 253RD ST,,33.7948,-118.3011
201818735,18,Southeast,1837,10300 BANDERA ST,,33.9427,-118.2397
201419728,14,Pacific,1473,FORDHAM RD,85TH ST,33.9619,-118.4327
201208217,12,77th Street,1218,800 W 57TH ST,,33.9905,-118.2871
201914186,19,Mission,1907,13100 FERNMONT ST,,34.3068,-118.4197
201111589,11,Northeast,1171,1200 MANZANITA ST,,34.0946,-118.2802
200404422,4,Hollenbeck,439,VALLEY,BLOCK,34.0745,-118.1681
200917215,9,Van Nuys,952,14800 MAGNOLIA BL,,34.1684,-118.4586
201225983,12,77th Street,1205,50TH ST,BRIGHTON AV,33.9982,-118.3013
201905325,19,Mission,1993,LANARK ST,WISNER AV,34.2179,-118.4627
201224164,12,77th Street,1283,9400 S HOBART BL,,33.9487,-118.3079
201415010,14,Pacific,1402,FEDERAL AV,BROOKHAVEN,34.0262,-118.4394
200615574,6,Hollywood,659,5200 FOUNTAIN AV,,34.0966,-118.3049
201014210,10,West Valley,1005,17800 ROSCOE BL,,34.221,-118.5207
200714361,7,Wilshire,758,1100 S VICTORIA AV,,34.0502,-118.3269
201419145,14,Pacific,1497,5500 W CENTURY BL,,33.9453,-118.3769
201810952,18,Southeast,1862,118TH ST,MAIN ST,33.9265,-118.2739
200915662,9,Van Nuys,914,14500 SHERMAN CR,,34.1976,-118.4574
200612360,6,Hollywood,628,1900 CHEREMOYA AV,,34.1052,-118.3205
201111468,11,Northeast,1157,1500 N SAN FERNANDO RD,,34.0974,-118.2367
201312505,13,Newton,1325,32ND,CENTRAL,34.0143,-118.2565
201000058,10,West Valley,1068,5200 FORBES AV,,34.1659,-118.4991
200709668,7,Wilshire,705,600 N DETROIT ST,,34.0819,-118.3452
201104741,11,Northeast,1142,1900 RODNEY DR,,34.1054,-118.2889
201013424,10,West Valley,1023,6500 VANALDEN AV,,34.188,-118.5491
201613940,16,Foothill,1654,12500 OSBORNE ST,,34.2558,-118.4074
200715541,7,Wilshire,734,400 S BURNSIDE AV,,34.0662,-118.3506
201413464,14,Pacific,1437,3700 S SEPULVEDA BL,,34.0146,-118.4185
201319535,13,Newton,1373,600 E 52ND PL,,33.995,-118.2652
200213393,2,Rampart,281,11TH ST,ALVARADO ST,34.0503,-118.2808
201821149,18,Southeast,1806,92ND ST,CENTRAL AV,33.9533,-118.2564
200114367,1,Central,153,200 W 6TH ST,,34.046,-118.251
201609524,16,Foothill,1668,7400 TRANQUIL DR,,34.2407,-118.2947
201113318,11,Northeast,1162,4200 LEXINGTON AV,,34.0928,-118.2825
201010981,10,West Valley,1078,4900 NOELINE AV,,34.1585,-118.4901
200716316,7,Wilshire,724,BEVERLY BL,GROVE DR,34.0735,-118.3571
202010979,20,Olympic,2041,800 S BRONSON AV,,34.0587,-118.3195
201421342,14,Pacific,1483,7700 PASEO DEL REY,,33.9567,-118.4326
200507564,5,Harbor,563,1100 S GAFFERY ST,,33.7321,-118.295
200514451,5,Harbor,563,700 S ALMA ST,,33.737,-118.299
201219684,12,77th Street,1231,4300 W SLAUSON AV,,33.9889,-118.3504
200407622,4,Hollenbeck,406,4200 VIA ARBOLADA,,34.096,-118.185
201416902,14,Pacific,1494,00 WORLD WY,,33.9442,-118.3984
201518323,15,N Hollywood,1589,3600 BARHAM BL,,34.1362,-118.342
201221946,12,77th Street,1204,1100 W 46TH ST,,34.0016,-118.2937
202006637,20,Olympic,2004,SERRANO AV,BEVERLY BL,34.0763,-118.3069
201319423,13,Newton,1333,3100 STANFORD AV,,34.0167,-118.2621
200408495,4,Hollenbeck,428,2800 BUDAU AV,,34.0808,-118.1738
201309182,13,Newton,1313,20TH ST,TRINITY,34.0286,-118.2599
200313503,3,Southwest,356,36TH PL,DENKER AV,34.0219,-118.3047
200315286,3,Southwest,316,1800 W 24TH ST,,34.0346,-118.3049
200314388,3,Southwest,396,900 W 41ST ST,,34.0092,-118.2902
201219127,12,77th Street,1263,8400 S HARVARD BL,,33.9618,-118.3068
200217186,2,Rampart,251,500 S RAMPART BL,,34.0644,-118.28
201820388,18,Southeast,1802,MAIN,92ND ST,33.9528,-118.2739
200309475,3,Southwest,396,900 W 41ST DR,,34.0083,-118.29
201116947,11,Northeast,1132,3800 CARNAVON WY,,34.117,-118.2788
201113114,11,Northeast,1145,2600 WAVERLY DR,,34.1061,-118.2584
201915927,19,Mission,1943,15000 LOS ALIMOS ST,,34.2663,-118.4589
200913470,9,Van Nuys,941,5800 N SEPULVEDA BL,,34.1757,-118.4662
201217594,12,77th Street,1269,MANCHESTER,MCKINLEY,33.9601,-118.261
200404871,4,Hollenbeck,409,HUNTINGTON DR,VAN HORNE AV,34.0893,-118.1707
200212493,2,Rampart,249,WILSHIRE,LUCAS AV,34.053,-118.2649
201705295,17,Devonshire,1797,16200 SCHOENBORN ST,,34.2225,-118.4852
200208178,2,Rampart,216,CORONADO,BELLEVUE,34.0746,-118.2707
200118565,1,Central,119,CESAR E CHAVEZ,ALAMEDA AV,34.0581,-118.2371
201318590,13,Newton,1327,COMPTON AV,21ST ST,34.0183,-118.2448
201212903,12,77th Street,1265,81ST ST,DENKER AV,33.9655,-118.3046
200213709,2,Rampart,235,200 ROSEMONT AV,,34.0693,-118.2719
201222922,12,77th Street,1211,3600 W SLAUSON AV,,33.989,-118.3358
201111289,11,Northeast,1138,300 N AVENUE 61,,34.114,-118.19
200516159,5,Harbor,519,BLINN,O ST,33.7926,-118.2455
202113209,21,Topanga,2136,7200 DEERING AV,,34.2011,-118.5966
201410921,14,Pacific,1428,10700 NATIONAL PL,,34.0308,-118.4163
201810242,18,Southeast,1864,800 E 116TH ST,,33.9292,-118.2604
200411648,4,Hollenbeck,467,400 EUCLID AV,,34.0387,-118.2079
201610132,16,Foothill,1656,8600 FOOTHILL BL,,34.2597,-118.3201
200610192,6,Hollywood,638,HOLLYWOOD BL,WESTERN,34.1017,-118.3093
202008203,20,Olympic,2013,100 N OXFORD AV,,34.0737,-118.3079
200513420,5,Harbor,526,700 N MARINE AV,,33.7785,-118.2637
201310809,13,Newton,1362,5000 S MAIN ST,,33.9974,-118.274
201517974,15,N Hollywood,1503,6700 ST CLAIR AV,,34.2003,-118.4002
201308808,13,Newton,1372,53RD,SAN PEDRO,33.9943,-118.2701
200808822,8,West LA,816,500 MIDVALE AV,,34.0673,-118.4534
201916511,19,Mission,1941,11000 N SEPULVEDA BL,,34.2697,-118.4671
201304295,13,Newton,1394,6900 S MAIN ST,,33.9771,-118.2739
201614071,16,Foothill,1664,12300 BRANFORD ST,,34.2507,-118.3998
200911801,9,Van Nuys,923,14500 VANOWEN ST,,34.1939,-118.4487
201214212,12,77th Street,1208,4400 S HOOVER ST,,34.0037,-118.2871
201317265,13,Newton,1333,1000 E 29TH ST,,34.0159,-118.2567
200321806,3,Southwest,317,VERMONT AV,ADAMS BL,34.0328,-118.2916
201110591,11,Northeast,1178,3300 N FIGUEROA ST,,34.0922,-118.2226
200911260,9,Van Nuys,938,VICTORY BL,SUNNYSLOPE AV,34.1867,-118.4268
201420980,14,Pacific,1438,3600 MIDVALE AV,,34.0196,-118.4133
201517518,15,N Hollywood,1557,10700 CAMARILLO ST,,34.1577,-118.3648
200516277,5,Harbor,523,2000 JOHN S GIBSON BL,,33.7566,-118.2896
200906878,9,Van Nuys,963,MAGNOLIA BL,VISTA DEL MONTE AV,34.1649,-118.4498
200706185,7,Wilshire,706,MELROSE,SIERRA BONITA AV,34.0838,-118.3388
201110163,11,Northeast,1141,2000 N VERMONT AV,,34.1095,-118.2958
201513400,15,N Hollywood,1557,5000 DENNY AV,,34.1613,-118.3648
201515409,15,N Hollywood,1503,6800 LAUREL CANYON BL,,34.2003,-118.4002
201905638,19,Mission,1983,COLUMBUS,CHASE,34.2247,-118.4655
200412855,4,Hollenbeck,422,MOZART,WORKMAN,34.0695,-118.213
200304961,3,Southwest,318,2200 ELLENDALE PL,,34.036,-118.289
200304633,3,Southwest,362,4000 COCO AV,,34.0141,-118.3501
200611821,6,Hollywood,669,1200 N ARDMORE AV,,34.093,-118.3013
201013966,10,West Valley,1043,18500 HATTERAS ST,,34.1775,-118.536
200617246,6,Hollywood,631,1200 SUNSET PLAZA DR,,34.0986,-118.388
201508909,15,N Hollywood,1538,BURBANK BL,FAIR AV,34.1722,-118.3746
201708213,17,Devonshire,1767,SUPERIOR,RESEDA,34.2464,-118.5361
201222921,12,77th Street,1268,85TH ST,MAIN ST,33.961,-118.2739
202007086,20,Olympic,2036,700 S VERMONT AV,,34.0598,-118.2935
201012335,10,West Valley,1029,7000 N HASKELL AV,,34.1975,-118.4749
201709139,17,Devonshire,1793,8700 VANALDEN AV,,34.2283,-118.5492
201315680,13,Newton,1327,1600 E 23RD ST,,34.0163,-118.2453
201908897,19,Mission,1959,10000 VENA AV,,34.2528,-118.4331
200713123,7,Wilshire,773,1800 S CLOVERDALE AV,,34.0418,-118.3537
202009935,20,Olympic,2054,1000 S ARDMORE AV,,34.0526,-118.3021
201213453,12,77th Street,1235,5800 RAYMOND AV,,33.9883,-118.298
200210559,2,Rampart,247,400 S BURLINGTON AV,,34.0605,-118.2694
201700060,17,Devonshire,1791,20700 CHASE ST,,34.2246,-118.5842
201917830,19,Mission,1983,8400 N SEPULVEDA BL,,34.2233,-118.4677
201308536,13,Newton,1322,MAPLE,23RD,34.0258,-118.2639
201708666,17,Devonshire,1756,10200 BALBOA BL,,34.254,-118.5128
200410838,4,Hollenbeck,499,3600 E 8TH ST,,34.0192,-118.1995
200416384,4,Hollenbeck,457,2400 FOLSOM ST,,34.0484,-118.2061
202108662,21,Topanga,2157,6700 INDEPENDENCE AV,,34.1921,-118.5906
200712326,7,Wilshire,762,HORNER,ALVIRA,34.0499,-118.3762
201319568,13,Newton,1347,1500 E 41ST ST,,34.0085,-118.2465
200507708,5,Harbor,521,1200 N GAFFEY ST,,33.7548,-118.2922
200615150,6,Hollywood,663,1200 N MANSFIELD AV,,34.0926,-118.3405
201014426,10,West Valley,1065,5500 ZELZAH AV,,34.1707,-118.522
200111494,1,Central,128,100 JUDGE JOHN AISO ST,,34.0504,-118.2409
201409619,14,Pacific,1469,5700 W CENTINELA AV,,33.9765,-118.381
201011300,10,West Valley,1077,17500 W VENTURA BL,,34.1615,-118.5142
201321634,13,Newton,1383,6200 S SAN PEDRO ST,,33.9858,-118.2739
200512874,5,Harbor,585,1800 S CABRILLO AV,,33.7274,-118.2946
201421052,14,Pacific,1496,6000 W CENTURY BL,,33.9456,-118.3932
200509495,5,Harbor,526,700 LAGOON AV,,33.7783,-118.2675
201707783,17,Devonshire,1782,19800 GRESHAM ST,,34.2312,-118.5654
202010410,20,Olympic,2033,3400 W 8TH ST,,34.058,-118.3087
201414321,14,Pacific,1465,11900 WEIR ST,,33.9896,-118.4085
201220875,12,77th Street,1242,2700 SOUTHWEST DR,,33.9806,-118.3236
202109052,21,Topanga,2103,8300 MOORCROFT AV,,34.2205,-118.612
201304570,13,Newton,1364,1100 E 46TH ST,,34.0021,-118.2565
201819272,18,Southeast,1829,CENTURY BL,LOU DILLON AV,33.9456,-118.2323
211104149,11,Northeast,1183,1900 DELTA ST,,34.0834,-118.2579
201208210,12,77th Street,1209,45TH ST,E FIGUEROA,34.0029,-118.2827
200308671,3,Southwest,376,38TH PL,WESTERN,34.0165,-118.3089
200713726,7,Wilshire,774,4900 ST ELMO DR,,34.0431,-118.3482
200322048,3,Southwest,314,3800 W MONT CLAIR ST,,34.0328,-118.323
201513821,15,N Hollywood,1546,11600 LA MAIDA ST,,34.1586,-118.3877
200321816,3,Southwest,397,4300 S VERMONT AV,,34.0073,-118.298
202007247,20,Olympic,2019,100 S VIRGIL AV,,34.0735,-118.2868
211908784,19,Mission,1902,13300 GLENOAKS BL,,34.313,-118.4567
200517544,5,Harbor,585,800 W 24TH,,33.7225,-118.2951
200817466,8,West LA,842,1300 S WESTGATE AV,,34.0449,-118.4613
200212510,2,Rampart,212,600 N MADISON AV,,34.0818,-118.2892
200905011,9,Van Nuys,946,6000 HAZELTINE AV,,34.1794,-118.44
201709812,17,Devonshire,1795,17100 ROSCOE BL,,34.2248,-118.5151
201814325,18,Southeast,1826,9500 COMPTON AV,,33.9496,-118.2462
202006835,20,Olympic,2005,4500 CLINTON ST,,34.0812,-118.3004
201414319,14,Pacific,1488,9000 AIRPORT BL,,33.9546,-118.3858
202107574,21,Topanga,2196,21300 LAS PILAS RD,,34.1464,-118.5936
201105155,11,Northeast,1173,2100 BAXTER ST,,34.0915,-118.255
201504423,15,N Hollywood,1557,10800 HORTENSE ST,,34.1548,-118.3652
201219722,12,77th Street,1241,11TH AV,60TH ST,33.9854,-118.3294
201310975,13,Newton,1321,300 W ADAMS BL,,34.0289,-118.2686
201116503,11,Northeast,1107,6100 SPRINGVALE DR,,34.1234,-118.1868
201517643,15,N Hollywood,1557,10800 HESBY ST,,34.1617,-118.3681
200322226,3,Southwest,391,4500 W DON TOMASO DR,,34.0045,-118.3514
201809384,18,Southeast,1802,300 W 88TH PL,,33.9568,-118.2782
201509464,15,N Hollywood,1555,5000 LANKERSHIM BL,,34.1611,-118.3723
201105703,11,Northeast,1169,AVENUE 52,GLEN ELLEN PL,34.1032,-118.1966
201812482,18,Southeast,1823,400 E 97TH ST,,33.9483,-118.2673
200908098,9,Van Nuys,943,5700 KATHERINE AV,,34.1739,-118.4432
201800018,18,Southeast,1837,10900 COMPTON AV,,33.9358,-118.2463
201210484,12,77th Street,1269,8100 S CENTRAL AV,,33.9638,-118.2629
201508101,15,N Hollywood,1531,12600 TIARA ST,,34.1785,-118.4072
201714390,17,Devonshire,1717,16200 SAN FERNANDO MISSION BL,,34.2761,-118.4906
200411897,4,Hollenbeck,473,2200 INEZ ST,,34.0373,-118.2164
210904037,9,Van Nuys,966,5100 BUFFALO AV,,34.1632,-118.4301
200713816,7,Wilshire,779,VENICE,5TH AV,34.0436,-118.3225
201712767,17,Devonshire,1752,21200 LASSEN ST,,34.2536,-118.5913
201412000,14,Pacific,1454,4900 MCCONNELL AV,,33.9832,-118.4327
201716126,17,Devonshire,1781,8700 INDEPENDENCE AV,,34.2282,-118.5907
201214156,12,77th Street,1251,7200 9TH AV,,33.9727,-118.3275
201309448,13,Newton,1393,100 W 69TH ST,,33.9774,-118.2739
201612223,16,Foothill,1682,8700 HADDON AV,,34.2277,-118.3934
201410806,14,Pacific,1496,9700 AIRPORT BL,,33.9472,-118.3909
200115427,1,Central,101,700 LOOKOUT DR,,34.0687,-118.2397
200405749,4,Hollenbeck,411,300 N SAN FERNANDO RD,,34.0768,-118.2227
200113820,1,Central,191,600 W WASHINGTON BL,,34.0388,-118.2717
200213247,2,Rampart,237,BEVERLY,LOMA,34.0634,-118.263
201912609,19,Mission,1983,CHASE,BURNET,34.2246,-118.4633
202014881,20,Olympic,2023,300 S SERRANO AV,,34.0672,-118.3066
200415872,4,Hollenbeck,439,1900 LANSDOWNE AV,,34.0641,-118.1747
201109407,11,Northeast,1162,1200 N VERMONT AV,,34.0935,-118.2918
200411877,4,Hollenbeck,454,300 S BOYLE AV,,34.0447,-118.2197
201415807,14,Pacific,1455,12400 SHORT AV,,33.9927,-118.4238
200208282,2,Rampart,237,LOMA DR,BEVERLY BL,34.0613,-118.2638
202006565,20,Olympic,2005,500 N NORMANDIE AV,,34.0799,-118.3025
200411286,4,Hollenbeck,439,BORLAND RD,BLOCK PL,34.0727,-118.1701
201819588,18,Southeast,1881,163RD,MENLO AV,33.8835,-118.2892
201508595,15,N Hollywood,1525,11700 GILMORE ST,,34.1875,-118.3877
201911541,19,Mission,1956,14800 TUBA ST,,34.2563,-118.4543
200407670,4,Hollenbeck,411,AVENUE 18,BROADWAY,34.0716,-118.2224
200114030,1,Central,162,800 S FLOWER ST,,34.0468,-118.2605
201012857,10,West Valley,1023,6600 WILBUR AV,,34.1902,-118.5447
200809879,8,West LA,832,11700 MAYFIELD AV,,34.0518,-118.4634
201108298,11,Northeast,1149,100 N AVENUE 51,,34.1056,-118.2008
202104431,21,Topanga,2175,22700 MARTHA ST,,34.1728,-118.6211
200213560,2,Rampart,249,BIXEL,S 6TH ST,34.054,-118.262
201210005,12,77th Street,1268,SAN PEDRO,MANCHESTER AV,33.9601,-118.2695
200206457,2,Rampart,241,400 S OCCIDENTAL BL,,34.0665,-118.2828
201516821,15,N Hollywood,1508,7500 VINELAND AV,,34.2066,-118.3703
201820433,18,Southeast,1823,10200 AVALON BL,,33.947,-118.2684
201818651,18,Southeast,1881,700 W 159TH ST,,33.8871,-118.2883
201011986,10,West Valley,1003,7800 YOLANDA AV,,34.212,-118.5404
201814349,18,Southeast,1821,800 W 102ND ST,,33.9438,-118.291
200321079,3,Southwest,321,5600 CLEMSON ST,,34.0238,-118.3669
201912051,19,Mission,1912,13600 NORRIS AV,,34.3178,-118.474
201822587,18,Southeast,1822,98TH ST,MAIN ST,33.9472,-118.2739
200406401,4,Hollenbeck,439,MARIONDALE AV,COLLEGE SQUARE DR,34.0674,-118.1709
201319686,13,Newton,1313,500 E PICO BL,,34.034,-118.2561
201207748,12,77th Street,1248,MENLO AV,GAGE AV,33.9819,-118.2892
201712667,17,Devonshire,1735,17000 CELTIC ST,,34.2692,-118.5033
200512310,5,Harbor,557,700 W 6TH ST,,33.7388,-118.2928
200312967,3,Southwest,376,3900 DENKER AV,,34.0149,-118.3045
200204466,2,Rampart,218,ECHO PARK AV,PARK AV,34.0748,-118.2586
200111081,1,Central,119,00 GATEWAY PL,,34.0577,-118.2318
201904634,19,Mission,1958,9700 CANTERBURY AV,,34.2462,-118.4421
200513458,5,Harbor,529,700 PENINSULA RD,,33.7649,-118.2485
211304128,13,Newton,1331,200 W JEFFERSON BL,,34.0223,-118.2719
200614553,6,Hollywood,677,5400 W LEMON GROVE AV,,34.0867,-118.3107
201911630,19,Mission,1916,13100 DRONFIELD AV,,34.306,-118.4413
200515700,5,Harbor,508,WESTERN BL,235TH ST,33.8127,-118.3088
200810365,8,West LA,807,10300 BRIARWOOD DR,,34.1176,-118.4447
200218582,2,Rampart,245,2400 W 7TH ST,,34.061,-118.2775
200409836,4,Hollenbeck,426,3500 PORTOLA AV,,34.0864,-118.1725
201615102,16,Foothill,1663,12000 SHELDON ST,,34.239,-118.3941
200514201,5,Harbor,503,25200 BROADWELL AV,,33.7967,-118.2928
201416383,14,Pacific,1431,200 WINDWARD AV,,33.9883,-118.4708
200411376,4,Hollenbeck,422,2900 DARWIN AV,,34.0707,-118.2103
200808846,8,West LA,815,SUNSET,BENTLEY,34.0745,-118.4588
200608810,6,Hollywood,637,VINE ST,GREGORY AV,34.103,-118.3225
201913632,19,Mission,1913,13400 HERRICK AV,,34.315,-118.4658
200117113,1,Central,111,500 N FIGUEROA ST,,34.0615,-118.247
201313337,13,Newton,1333,2700 MAPLE AV,,34.0218,-118.2665
200715271,7,Wilshire,732,6300 ORANGE ST,,34.0645,-118.3651
201511003,15,N Hollywood,1547,11400 BURBANK BL,,34.1722,-118.379
201508065,15,N Hollywood,1513,7100 BELLAIRE AV,,34.1994,-118.4094
201505363,15,N Hollywood,1513,WHITSETT,VANOWEN,34.194,-118.4052
201316700,13,Newton,1361,300 W 51ST ST,,33.9965,-118.2801
200209619,2,Rampart,246,2000 W 6TH ST,,34.059,-118.2736
201608460,16,Foothill,1619,7400 HILLROSE ST,,34.2714,-118.2702
201313734,13,Newton,1313,WASHINGTON BL,STANFORD ST,34.0269,-118.2555
201918271,19,Mission,1924,12400 SAN FERNANDO RD,,34.2957,-118.4548
201805789,18,Southeast,1863,600 E IMPERIAL HY,,33.9311,-118.2652
200612489,6,Hollywood,648,5400 W HOLLYWOOD BL,,34.1017,-118.3078
200908457,9,Van Nuys,963,15000 MAGNOLIA BL,,34.1649,-118.4596
201413263,14,Pacific,1452,00 SPINNAKER ST,,33.9691,-118.4582
202114672,21,Topanga,2136,7500 ETON AV,,34.2065,-118.5955
200508913,5,Harbor,529,1500 ANCHORAGE RD,,33.7667,-118.2431
200121761,1,Central,162,700 S FIGUEROA ST,,34.049,-118.2602
200513742,5,Harbor,515,900 W PACIFIC COAST HY,,33.7948,-118.2694
201917711,19,Mission,1994,14600 ROSCOE BL,,34.2215,-118.4512
201404071,14,Pacific,1494,800 WORLD WY,,33.9434,-118.3993
201910635,19,Mission,1907,12800 FENTON AV,,34.3062,-118.4222
200914723,9,Van Nuys,941,14700 OXNARD ST,,34.1794,-118.4538
200407616,4,Hollenbeck,479,WHITTIER BL,SPENCE ST,34.0267,-118.1985
201316239,13,Newton,1327,2000 LONG BEACH AV,,34.0185,-118.2429
200513573,5,Harbor,514,1100 W LOWEN ST,,33.7952,-118.2763
201206454,12,77th Street,1249,7100 BONSALLO AV,,33.9754,-118.286
201610834,16,Foothill,1637,FOOTHILL BL,MOUNTAIR AV,34.2634,-118.3074
202016065,20,Olympic,2099,NEW ENGLAND,WASHINGTON,34.04,-118.2877
201310626,13,Newton,1393,6300 S BROADWAY,,33.9824,-118.2783
200111213,1,Central,101,1000 ALPINE ST,,34.0649,-118.2465
201608875,16,Foothill,1685,7600 CAMELLIA AV,,34.2085,-118.3823
201819972,18,Southeast,1824,91ST ST,WADSWORTH ST,33.947,-118.2594
201222447,12,77th Street,1243,6300 S HARVARD BL,,33.9819,-118.3068
201308459,13,Newton,1395,6800 MCKINLEY AV,,33.9781,-118.2614
201417523,14,Pacific,1496,9800 VICKSBURG AV,,33.9464,-118.394
201708541,17,Devonshire,1722,21700 DEVONSHIRE ST,,34.2607,-118.6025
200604408,6,Hollywood,639,5300 RUSSELL AV,,34.1042,-118.305
201009153,10,West Valley,1031,VICTORY BL,TAMPA AV,34.1866,-118.5535
201404471,14,Pacific,1465,CULVER,INGLEWOOD,33.9895,-118.4114
200608011,6,Hollywood,647,SUNSET BL,GOWER,34.098,-118.3223
200909830,9,Van Nuys,952,14700 BURBANK BL,,34.1721,-118.4531
201107270,11,Northeast,1162,1100 MYRA AV,,34.0922,-118.2829
201115676,11,Northeast,1138,6100 PIEDMONT AV,,34.1131,-118.1894
201405863,14,Pacific,1483,400 LA TIJERA BL,,33.9566,-118.416
201311521,13,Newton,1361,49TH ST,GRAND,33.9983,-118.2801
201805739,18,Southeast,1802,MANCHESTER,BROADWAY,33.9601,-118.2782
201709707,17,Devonshire,1712,19600 PINE VALLEY AV,,34.2845,-118.5606
200414960,4,Hollenbeck,457,FOREST AV,CESAR E CHAVEZ AV,34.0453,-118.2019
201911376,19,Mission,1959,10200 BARTEE AV,,34.2559,-118.4378
201413297,14,Pacific,1469,7000 FLIGHT AV,,33.9755,-118.3755
201814698,18,Southeast,1844,111TH ST,AVALON BL,33.9348,-118.2652
200316161,3,Southwest,319,600 W 23RD ST,,34.0308,-118.2744
201109421,11,Northeast,1138,6100 PIEDMONT AV,,34.1131,-118.1894
201809679,18,Southeast,1824,COLDEN ST,AVALON BL,33.9493,-118.2652
201821741,18,Southeast,1822,104TH ST,BROADWAY,33.9419,-118.2784
200111055,1,Central,162,700 S FLOWER ST,,34.0487,-118.2588
200605180,6,Hollywood,668,VAN NESS ST,LEXINGTON AV,34.0928,-118.3157
200704351,7,Wilshire,759,3700 COUNTRY CLUB DR,,34.0512,-118.3195
200404194,4,Hollenbeck,455,CUMMINGS ST,CESAR E CHAVEZ AV,34.0515,-118.2107
201210415,12,77th Street,1245,1100 W GAGE AV,,33.9823,-118.2938
200412085,4,Hollenbeck,421,2100 N BROADWAY,,34.0732,-118.2189
201316117,13,Newton,1333,SAN PEDRO,ADAMS,34.0174,-118.2621
200506598,5,Harbor,585,1000 W 21ST ST,,33.7252,-118.2995
200910785,9,Van Nuys,941,14700 OXNARD ST,,34.1794,-118.4531
201013099,10,West Valley,1075,17900 SANTA RITA ST,,34.1627,-118.5226
202117131,21,Topanga,2183,22700 CRESPI ST,,34.1633,-118.6208
200616068,6,Hollywood,645,7000 W HOLLYWOOD BL,,34.1015,-118.3425
200814672,8,West LA,802,1200 MONUMENT ST,,34.0512,-118.5248
211304481,13,Newton,1307,SAN PEDRO ST,AGATHA ST,34.0395,-118.248
201416010,14,Pacific,1406,10400 TABOR ST,,34.0246,-118.4079
200217088,2,Rampart,212,600 N WESTMORELAND AV,,34.0818,-118.288
200713956,7,Wilshire,785,2300 WEST BL,,34.0349,-118.34
201412548,14,Pacific,1412,00 ROSE AV,,33.9952,-118.4795
201115057,11,Northeast,1143,1700 TALMADGE ST,,34.1018,-118.2831
200317648,3,Southwest,353,3700 S VICTORIA AV,,34.0182,-118.3363
200518295,5,Harbor,525,400 N MARINE AV,,33.7741,-118.2633
200905013,9,Van Nuys,929,FULTON,KITTRIDGE,34.1903,-118.4225
201811810,18,Southeast,1844,300 E 111TH PL,,33.9339,-118.2695
200516519,5,Harbor,587,3800 S PACIFIC AV,,33.7136,-118.2904
200514429,5,Harbor,565,600 W 9TH ST,,33.7361,-118.2906
201908164,19,Mission,1984,14700 PARTHENIA ST,,34.2282,-118.4536
200910486,9,Van Nuys,914,15100 VOSE ST,,34.1985,-118.4621
201317109,13,Newton,1393,100 W FLORENCE AV,,33.9786,-118.2761
201806043,18,Southeast,1836,110TH,SLATER,33.9358,-118.2516
201005456,10,West Valley,1031,19300 VICTORY BL,,34.1866,-118.5535
201213601,12,77th Street,1257,78TH,BROADWAY,33.9689,-118.2783
201113294,11,Northeast,1152,4300 PROSPECT AV,,34.1018,-118.2831
200908591,9,Van Nuys,971,SEPULVEDA,CAMARILLO,34.1576,-118.4662
200312802,3,Southwest,396,900 W 43RD ST,,34.0055,-118.29
201509535,15,N Hollywood,1514,6900 LAUREL CANYON BL,,34.1959,-118.3965
200305824,3,Southwest,331,4900 WESTHAVEN ST,,34.0278,-118.3508
201111471,11,Northeast,1146,1700 BLAKE AV,,34.0955,-118.2418
201819690,18,Southeast,1835,10500 W ZAMORA AV,,33.9415,-118.2518
201306068,13,Newton,1321,100 E 23RD ST,,34.0273,-118.2671
200413068,4,Hollenbeck,471,WHITTIER,FICKETT ST,34.036,-118.2242
201512135,15,N Hollywood,1529,6300 VINELAND AV,,34.1852,-118.3703
202014904,20,Olympic,2024,500 S ARDMORE AV,,34.0642,-118.3016
201310569,13,Newton,1321,1900 S FIGUEROA ST,,34.0344,-118.272
200212876,2,Rampart,245,2300 OCEAN VIEW AV,,34.0627,-118.2768
201113247,11,Northeast,1172,2200 EFFIE ST,,34.0858,-118.2599
201209730,12,77th Street,1249,FLORENCE AV,BONSALLO AV,33.9747,-118.286
200907666,9,Van Nuys,985,MOORPARK ST,CALHOUN AV,34.1507,-118.4422
201508561,15,N Hollywood,1585,10900 BLUFFSIDE DR,,34.1414,-118.3686
201817823,18,Southeast,1839,10500 GORMAN AV,,33.9389,-118.2307
200511336,5,Harbor,517,1300 BROAD AV,,33.7889,-118.2615
201715611,17,Devonshire,1781,21000 GRESHAM ST,,34.2306,-118.5928
201820544,18,Southeast,1836,1300 E 107TH ST,,33.9388,-118.252
200408149,4,Hollenbeck,439,1800 LANSDOWNE AV,,34.0623,-118.1761
200206948,2,Rampart,245,2100 W 6TH ST,,34.0596,-118.2749
201800011,18,Southeast,1881,15800 S VERMONT AV,,33.8876,-118.2915
201710296,17,Devonshire,1762,9700 LURLINE AV,,34.2464,-118.5842
201516221,15,N Hollywood,1581,4300 BELLINGHAM AV,,34.1486,-118.3987
200405360,4,Hollenbeck,416,3300 SIERRA ST,,34.0835,-118.2004
201820435,18,Southeast,1871,500 W 140TH ST,,33.9046,-118.2854
200306859,3,Southwest,361,4900 LINSCOTT PL,,34.0191,-118.3507
201407608,14,Pacific,1494,400 WORLD WY,,33.9433,-118.4072
201816456,18,Southeast,1851,135TH ST,NORMANDIE AV,33.9128,-118.2869
200316816,3,Southwest,396,43RD PL,VERMONT AV,34.0046,-118.291
201005276,10,West Valley,1008,7400 VALJEAN AV,,34.2077,-118.4912
201222514,12,77th Street,1215,1100 W 54TH ST,,33.9932,-118.2938
201819304,18,Southeast,1802,400 W 92ND ST,,33.9528,-118.2812
201106216,11,Northeast,1169,300 S AVENUE 55,,34.1037,-118.1945
201314580,13,Newton,1362,5100 S MAIN ST,,33.9956,-118.274
201208653,12,77th Street,1239,800 W SLAUSON AV,,33.9892,-118.2871
201226774,12,77th Street,1242,2600 SOUTHWEST DR,,33.9811,-118.3226
200511323,5,Harbor,509,1500 W LOMITA BL,,33.7978,-118.3034
201916193,19,Mission,1918,13400 FOOTHILL BL,,34.3033,-118.4256
200306053,3,Southwest,356,1700 W JEFFERSON BL,,34.0256,-118.3061
201220746,12,77th Street,1207,900 W 50TH PL,,33.997,-118.2886
200414922,4,Hollenbeck,477,2900 SUNRISE ST,,34.0297,-118.208
201708702,17,Devonshire,1718,11100 BLUCHER AV,,34.2734,-118.4727
200313594,3,Southwest,329,FLOWER ST,29TH ST,34.0253,-118.2763
202004542,20,Olympic,2015,200 N ALEXANDRIA AV,,34.0753,-118.2983
201220109,12,77th Street,1213,SLAUSON,WESTERN,33.9892,-118.3089
200810024,8,West LA,811,17900 PACIFIC COAST HY,,34.0561,-118.5512
200507833,5,Harbor,585,2000 S PACIFIC AV,,33.7243,-118.2963
201510763,15,N Hollywood,1531,12500 EMELITA ST,,34.1767,-118.4052
201607343,16,Foothill,1623,13100 HOYT ST,,34.2674,-118.4184
200415979,4,Hollenbeck,412,200 W AVENUE 33,,34.0834,-118.2147
201512190,15,N Hollywood,1512,6700 COLDWATER CANYON AV,,34.1921,-118.4138
200704142,7,Wilshire,725,5900 W 3RD ST,,34.073,-118.3509
201413152,14,Pacific,1427,3200 S SEPULVEDA BL,,34.0251,-118.4269
200817662,8,West LA,831,11900 KIOWA AV,,34.0468,-118.4678
201219973,12,77th Street,1241,6100 S VICTORIA AV,,33.9837,-118.3323
201811721,18,Southeast,1846,ZAMORA AV,104TH ST,33.9323,-118.2502
201304928,13,Newton,1346,4300 S CENTRAL AV,,34.0058,-118.2565
201313261,13,Newton,1393,7100 S BROADWAY,,33.9754,-118.2783
