DR_NO,Date Rptd,DATE OCC,TIME OCC
201309918,04/25/2020 12:00:00 AM,04/25/2020 12:00:00 AM,1715
200808185,04/10/2020 12:00:00 AM,04/06/2020 12:00:00 AM,2030
202116237,11/22/2020 12:00:00 AM,11/21/2020 12:00:00 AM,2130
201407132,01/07/2020 12:00:00 AM,01/07/2020 12:00:00 AM,1500
200213879,08/18/2020 12:00:00 AM,08/18/2020 12:00:00 AM,130
201216692,07/18/2020 12:00:00 AM,07/18/2020 12:00:00 AM,25
200614773,09/01/2020 12:00:00 AM,08/29/2020 12:00:00 AM,1050
200319306,10/23/2020 12:00:00 AM,10/23/2020 12:00:00 AM,2150
202006611,01/17/2020 12:00:00 AM,01/16/2020 12:00:00 AM,2000
210505348,02/02/2021 12:00:00 AM,02/02/2021 12:00:00 AM,930
210104599,01/15/2021 12:00:00 AM,01/15/2021 12:00:00 AM,158
210312307,06/29/2021 12:00:00 AM,06/25/2021 12:00:00 AM,2130
211311240,06/15/2021 12:00:00 AM,06/15/2021 12:00:00 AM,2220
211608365,06/03/2021 12:00:00 AM,06/01/2021 12:00:00 AM,2300
211312016,07/01/2021 12:00:00 AM,06/30/2021 12:00:00 AM,1325
211608370,06/03/2021 12:00:00 AM,06/02/2021 12:00:00 AM,450
210212709,07/30/2021 12:00:00 AM,07/30/2021 12:00:00 AM,2045
211011095,08/09/2021 12:00:00 AM,08/09/2021 12:00:00 AM,100
210611230,06/15/2021 12:00:00 AM,06/15/2021 12:00:00 AM,235
221414195,07/24/2022 12:00:00 AM,07/24/2022 12:00:00 AM,2140
220609095,04/21/2022 12:00:00 AM,04/20/2022 12:00:00 AM,1410
220120450,09/14/2022 12:00:00 AM,09/13/2022 12:00:00 AM,1830
231415125,08/01/2023 12:00:00 AM,08/12/2022 12:00:00 AM,1
221212468,05/25/2022 12:00:00 AM,05/25/2022 12:00:00 AM,1050
220717413,12/05/2022 12:00:00 AM,12/05/2022 12:00:00 AM,1210
221510989,06/12/2022 12:00:00 AM,06/11/2022 12:00:00 AM,1920
241604013,01/01/2024 12:00:00 AM,12/30/2023 12:00:00 AM,2048
240604490,01/11/2024 12:00:00 AM,11/30/2023 12:00:00 AM,700
230618559,12/04/2023 12:00:00 AM,12/04/2023 12:00:00 AM,730
240104710,01/11/2024 12:00:00 AM,11/30/2023 12:00:00 AM,700
230414032,11/03/2023 12:00:00 AM,11/02/2023 12:00:00 AM,1600
230500775,08/30/2023 12:00:00 AM,08/30/2023 12:00:00 AM,2200
230517385,12/28/2023 12:00:00 AM,12/28/2023 12:00:00 AM,1315
231115631,11/11/2023 12:00:00 AM,11/10/2023 12:00:00 AM,1000
230600555,02/18/2023 12:00:00 AM,02/17/2023 12:00:00 AM,2230
230508655,05/11/2023 12:00:00 AM,05/11/2023 12:00:00 AM,830
231107773,04/12/2023 12:00:00 AM,04/11/2023 12:00:00 AM,2350
230300679,05/15/2023 12:00:00 AM,05/15/2023 12:00:00 AM,1842
231108093,04/12/2023 12:00:00 AM,04/11/2023 12:00:00 AM,2350
240700646,03/28/2024 12:00:00 AM,03/28/2024 12:00:00 AM,2200
241007152,03/28/2024 12:00:00 AM,03/28/2024 12:00:00 AM,2230
201815548,08/13/2020 12:00:00 AM,08/13/2020 12:00:00 AM,1610
200400922,07/19/2020 12:00:00 AM,07/18/2020 12:00:00 AM,2035
201711219,07/17/2020 12:00:00 AM,07/17/2020 12:00:00 AM,1330
200612588,07/14/2020 12:00:00 AM,07/14/2020 12:00:00 AM,900
200914590,09/11/2020 12:00:00 AM,09/10/2020 12:00:00 AM,1730
201706495,02/26/2020 12:00:00 AM,02/26/2020 12:00:00 AM,2310
200208133,03/23/2020 12:00:00 AM,03/23/2020 12:00:00 AM,1515
202114241,09/22/2020 12:00:00 AM,09/22/2020 12:00:00 AM,1815
202109696,05/23/2020 12:00:00 AM,05/21/2020 12:00:00 AM,1353
201407453,02/28/2020 12:00:00 AM,02/27/2020 12:00:00 AM,1000
201912478,07/24/2020 12:00:00 AM,07/24/2020 12:00:00 AM,404
201016127,12/15/2020 12:00:00 AM,12/14/2020 12:00:00 AM,1418
202108902,05/03/2020 12:00:00 AM,05/03/2020 12:00:00 AM,1220
200410505,07/05/2020 12:00:00 AM,07/05/2020 12:00:00 AM,1245
201206885,02/10/2020 12:00:00 AM,02/10/2020 12:00:00 AM,154
200509604,05/18/2020 12:00:00 AM,05/18/2020 12:00:00 AM,735
200304317,01/04/2020 12:00:00 AM,01/04/2020 12:00:00 AM,1130
201610437,06/26/2020 12:00:00 AM,06/25/2020 12:00:00 AM,1550
201016417,12/26/2020 12:00:00 AM,12/25/2020 12:00:00 AM,1900
201607943,04/09/2020 12:00:00 AM,04/09/2020 12:00:00 AM,1750
200317319,09/14/2020 12:00:00 AM,09/14/2020 12:00:00 AM,1735
201715833,11/29/2020 12:00:00 AM,11/29/2020 12:00:00 AM,1725
201111737,07/22/2020 12:00:00 AM,07/21/2020 12:00:00 AM,1840
201008100,04/17/2020 12:00:00 AM,04/17/2020 12:00:00 AM,35
202105439,02/01/2020 12:00:00 AM,02/01/2020 12:00:00 AM,930
200715172,10/21/2020 12:00:00 AM,10/21/2020 12:00:00 AM,1400
200216196,10/15/2020 12:00:00 AM,07/16/2020 12:00:00 AM,1453
200619097,12/10/2020 12:00:00 AM,12/09/2020 12:00:00 AM,2100
200911798,07/01/2020 12:00:00 AM,06/30/2020 12:00:00 AM,2030
201011819,08/08/2020 12:00:00 AM,08/08/2020 12:00:00 AM,200
200405459,02/06/2020 12:00:00 AM,02/06/2020 12:00:00 AM,2005
201013666,10/02/2020 12:00:00 AM,10/02/2020 12:00:00 AM,740
202115513,10/31/2020 12:00:00 AM,10/31/2020 12:00:00 AM,1420
202109695,05/23/2020 12:00:00 AM,05/21/2020 12:00:00 AM,1353
201706686,02/28/2020 12:00:00 AM,02/28/2020 12:00:00 AM,1040
201315036,08/04/2020 12:00:00 AM,08/04/2020 12:00:00 AM,2150
202115924,11/13/2020 12:00:00 AM,11/13/2020 12:00:00 AM,800
200911308,06/19/2020 12:00:00 AM,06/18/2020 12:00:00 AM,1645
201009612,06/01/2020 12:00:00 AM,06/01/2020 12:00:00 AM,1650
201804546,01/10/2020 12:00:00 AM,01/10/2020 12:00:00 AM,2105
201818784,10/13/2020 12:00:00 AM,10/11/2020 12:00:00 AM,2100
200306290,02/08/2020 12:00:00 AM,02/08/2020 12:00:00 AM,852
201614652,11/10/2020 12:00:00 AM,11/10/2020 12:00:00 AM,1400
202105487,02/02/2020 12:00:00 AM,02/02/2020 12:00:00 AM,1145
201714494,10/21/2020 12:00:00 AM,10/21/2020 12:00:00 AM,1730
200211615,06/21/2020 12:00:00 AM,06/21/2020 12:00:00 AM,530
201221205,09/22/2020 12:00:00 AM,09/22/2020 12:00:00 AM,1940
201011497,07/30/2020 12:00:00 AM,07/30/2020 12:00:00 AM,810
201917798,12/08/2020 12:00:00 AM,12/07/2020 12:00:00 AM,1700
201208082,02/28/2020 12:00:00 AM,02/28/2020 12:00:00 AM,1300
200413124,09/24/2020 12:00:00 AM,09/24/2020 12:00:00 AM,1830
201010767,07/07/2020 12:00:00 AM,07/07/2020 12:00:00 AM,1000
202113609,09/08/2020 12:00:00 AM,08/14/2020 12:00:00 AM,1530
200410184,06/25/2020 12:00:00 AM,06/24/2020 12:00:00 AM,39
200613047,07/25/2020 12:00:00 AM,07/24/2020 12:00:00 AM,2300
201211073,04/16/2020 12:00:00 AM,04/16/2020 12:00:00 AM,640
201906998,03/01/2020 12:00:00 AM,03/01/2020 12:00:00 AM,1024
200913797,08/21/2020 12:00:00 AM,08/21/2020 12:00:00 AM,900
201016407,12/26/2020 12:00:00 AM,12/26/2020 12:00:00 AM,130
201715394,11/15/2020 12:00:00 AM,11/15/2020 12:00:00 AM,803
200810829,06/18/2020 12:00:00 AM,06/17/2020 12:00:00 AM,1130
201708984,05/11/2020 12:00:00 AM,05/10/2020 12:00:00 AM,1620
200406234,02/26/2020 12:00:00 AM,02/26/2020 12:00:00 AM,1750
201413548,07/10/2020 12:00:00 AM,07/10/2020 12:00:00 AM,1530
200404475,01/13/2020 12:00:00 AM,01/11/2020 12:00:00 AM,730
201917298,11/23/2020 12:00:00 AM,11/23/2020 12:00:00 AM,1920
201007501,03/24/2020 12:00:00 AM,03/24/2020 12:00:00 AM,1710
201111829,07/25/2020 12:00:00 AM,07/24/2020 12:00:00 AM,1410
201014026,10/14/2020 12:00:00 AM,10/14/2020 12:00:00 AM,1000
201016164,12/16/2020 12:00:00 AM,12/16/2020 12:00:00 AM,1900
200618440,11/23/2020 12:00:00 AM,09/12/2020 12:00:00 AM,2010
202113223,08/29/2020 12:00:00 AM,08/29/2020 12:00:00 AM,800
201908239,03/31/2020 12:00:00 AM,03/30/2020 12:00:00 AM,1640
201321126,12/11/2020 12:00:00 AM,12/11/2020 12:00:00 AM,2100
201910505,06/02/2020 12:00:00 AM,06/02/2020 12:00:00 AM,1600
201612631,09/06/2020 12:00:00 AM,09/05/2020 12:00:00 AM,1250
201505491,01/30/2020 12:00:00 AM,01/30/2020 12:00:00 AM,830
201008109,04/16/2020 12:00:00 AM,04/16/2020 12:00:00 AM,1955
200813492,08/29/2020 12:00:00 AM,08/29/2020 12:00:00 AM,1400
202107735,03/26/2020 12:00:00 AM,03/26/2020 12:00:00 AM,1000
201007883,04/08/2020 12:00:00 AM,04/08/2020 12:00:00 AM,2100
201011894,08/10/2020 12:00:00 AM,08/10/2020 12:00:00 AM,705
201008769,05/06/2020 12:00:00 AM,05/06/2020 12:00:00 AM,2315
201207432,02/18/2020 12:00:00 AM,02/18/2020 12:00:00 AM,2225
200610529,05/23/2020 12:00:00 AM,05/22/2020 12:00:00 AM,2200
202007392,03/11/2020 12:00:00 AM,03/11/2020 12:00:00 AM,1830
201012605,08/31/2020 12:00:00 AM,08/31/2020 12:00:00 AM,1039
201909173,04/26/2020 12:00:00 AM,04/26/2020 12:00:00 AM,1940
202008391,04/08/2020 12:00:00 AM,04/08/2020 12:00:00 AM,2100
202105219,01/28/2020 12:00:00 AM,01/28/2020 12:00:00 AM,100
201606863,03/09/2020 12:00:00 AM,03/08/2020 12:00:00 AM,935
200708848,05/02/2020 12:00:00 AM,05/02/2020 12:00:00 AM,1925
201413555,07/10/2020 12:00:00 AM,07/10/2020 12:00:00 AM,720
202110419,06/13/2020 12:00:00 AM,06/13/2020 12:00:00 AM,426
201716073,11/22/2020 12:00:00 AM,11/22/2020 12:00:00 AM,1755
200804892,01/20/2020 12:00:00 AM,01/19/2020 12:00:00 AM,1124
200913761,08/20/2020 12:00:00 AM,08/19/2020 12:00:00 AM,1925
201005195,01/29/2020 12:00:00 AM,01/12/2020 12:00:00 AM,1200
201105293,01/30/2020 12:00:00 AM,01/28/2020 12:00:00 AM,1030
202106065,02/15/2020 12:00:00 AM,02/15/2020 12:00:00 AM,800
201715173,11/09/2020 12:00:00 AM,11/08/2020 12:00:00 AM,2235
201008770,05/06/2020 12:00:00 AM,05/06/2020 12:00:00 AM,2315
201410821,05/12/2020 12:00:00 AM,05/12/2020 12:00:00 AM,430
201910777,06/09/2020 12:00:00 AM,05/18/2020 12:00:00 AM,2017
201817317,09/16/2020 12:00:00 AM,09/16/2020 12:00:00 AM,1600
200315040,07/30/2020 12:00:00 AM,07/30/2020 12:00:00 AM,1800
201211490,04/23/2020 12:00:00 AM,04/23/2020 12:00:00 AM,2150
201010643,07/03/2020 12:00:00 AM,07/03/2020 12:00:00 AM,800
202105999,02/13/2020 12:00:00 AM,02/13/2020 12:00:00 AM,1820
201013730,10/04/2020 12:00:00 AM,10/04/2020 12:00:00 AM,2200
201415400,08/12/2020 12:00:00 AM,08/12/2020 12:00:00 AM,1150
201011943,08/11/2020 12:00:00 AM,08/11/2020 12:00:00 AM,1000
201713955,10/02/2020 12:00:00 AM,10/02/2020 12:00:00 AM,2030
200411881,08/18/2020 12:00:00 AM,08/18/2020 12:00:00 AM,1344
201207774,02/24/2020 12:00:00 AM,02/21/2020 12:00:00 AM,2125
201013497,09/27/2020 12:00:00 AM,09/26/2020 12:00:00 AM,1500
202006182,02/15/2020 12:00:00 AM,02/15/2020 12:00:00 AM,830
201716568,12/23/2020 12:00:00 AM,12/07/2020 12:00:00 AM,1843
200309964,04/14/2020 12:00:00 AM,04/13/2020 12:00:00 AM,2330
201715230,11/10/2020 12:00:00 AM,10/14/2020 12:00:00 AM,1700
200105139,01/16/2020 12:00:00 AM,01/16/2020 12:00:00 AM,1900
201606519,03/02/2020 12:00:00 AM,03/01/2020 12:00:00 AM,1650
200314776,07/24/2020 12:00:00 AM,07/24/2020 12:00:00 AM,1623
200316615,09/01/2020 12:00:00 AM,09/01/2020 12:00:00 AM,730
201609558,05/27/2020 12:00:00 AM,05/27/2020 12:00:00 AM,1415
200211809,06/25/2020 12:00:00 AM,06/25/2020 12:00:00 AM,1915
201013109,09/16/2020 12:00:00 AM,09/16/2020 12:00:00 AM,120
201705843,02/11/2020 12:00:00 AM,02/11/2020 12:00:00 AM,1940
201010949,07/14/2020 12:00:00 AM,06/19/2020 12:00:00 AM,1900
202112704,08/13/2020 12:00:00 AM,08/13/2020 12:00:00 AM,1950
201308754,03/27/2020 12:00:00 AM,03/27/2020 12:00:00 AM,1430
201608318,04/21/2020 12:00:00 AM,04/21/2020 12:00:00 AM,700
200805991,02/13/2020 12:00:00 AM,02/13/2020 12:00:00 AM,1540
200806398,02/19/2020 12:00:00 AM,02/19/2020 12:00:00 AM,900
202114168,09/25/2020 12:00:00 AM,09/25/2020 12:00:00 AM,135
200715415,10/28/2020 12:00:00 AM,10/28/2020 12:00:00 AM,1955
200910961,06/12/2020 12:00:00 AM,06/12/2020 12:00:00 AM,810
200321184,12/02/2020 12:00:00 AM,12/01/2020 12:00:00 AM,2000
201320833,12/04/2020 12:00:00 AM,12/04/2020 12:00:00 AM,900
200405511,02/09/2020 12:00:00 AM,02/08/2020 12:00:00 AM,2100
201906743,02/25/2020 12:00:00 AM,02/22/2020 12:00:00 AM,1910
201815297,08/09/2020 12:00:00 AM,08/09/2020 12:00:00 AM,1820
201911975,07/10/2020 12:00:00 AM,07/10/2020 12:00:00 AM,1230
200407981,04/19/2020 12:00:00 AM,04/19/2020 12:00:00 AM,1850
202108903,05/03/2020 12:00:00 AM,05/03/2020 12:00:00 AM,1220
202111756,07/18/2020 12:00:00 AM,07/18/2020 12:00:00 AM,1045
200715609,11/03/2020 12:00:00 AM,11/03/2020 12:00:00 AM,1400
201016128,12/15/2020 12:00:00 AM,12/14/2020 12:00:00 AM,1418
201209207,03/15/2020 12:00:00 AM,03/13/2020 12:00:00 AM,700
202108904,05/03/2020 12:00:00 AM,05/03/2020 12:00:00 AM,1220
202109697,05/23/2020 12:00:00 AM,05/21/2020 12:00:00 AM,1353
201711768,08/01/2020 12:00:00 AM,08/01/2020 12:00:00 AM,1520
202109379,05/15/2020 12:00:00 AM,04/14/2020 12:00:00 AM,800
211710805,07/20/2021 12:00:00 AM,07/20/2021 12:00:00 AM,1045
212115300,10/17/2021 12:00:00 AM,10/17/2021 12:00:00 AM,930
211914046,10/04/2021 12:00:00 AM,10/04/2021 12:00:00 AM,1200
210320632,12/24/2021 12:00:00 AM,12/24/2021 12:00:00 AM,610
211116674,12/20/2021 12:00:00 AM,12/19/2021 12:00:00 AM,2000
211712567,09/14/2021 12:00:00 AM,09/11/2021 12:00:00 AM,1800
212016640,11/05/2021 12:00:00 AM,11/05/2021 12:00:00 AM,1200
211104767,01/23/2021 12:00:00 AM,01/15/2021 12:00:00 AM,430
211009834,07/05/2021 12:00:00 AM,07/05/2021 12:00:00 AM,2130
212113640,09/09/2021 12:00:00 AM,09/08/2021 12:00:00 AM,2320
211009590,06/28/2021 12:00:00 AM,06/28/2021 12:00:00 AM,1955
211305802,02/11/2021 12:00:00 AM,02/11/2021 12:00:00 AM,1310
210319305,11/24/2021 12:00:00 AM,11/23/2021 12:00:00 AM,630
211217093,08/04/2021 12:00:00 AM,08/03/2021 12:00:00 AM,2200
211706407,03/11/2021 12:00:00 AM,03/11/2021 12:00:00 AM,630
211711604,08/16/2021 12:00:00 AM,08/16/2021 12:00:00 AM,800
211711455,08/11/2021 12:00:00 AM,08/11/2021 12:00:00 AM,22
212113873,09/14/2021 12:00:00 AM,09/14/2021 12:00:00 AM,830
211115744,11/25/2021 12:00:00 AM,11/23/2021 12:00:00 AM,1630
212012166,07/27/2021 12:00:00 AM,07/27/2021 12:00:00 AM,1145
211707934,04/28/2021 12:00:00 AM,04/28/2021 12:00:00 AM,900
211710085,06/28/2021 12:00:00 AM,06/26/2021 12:00:00 AM,940
210707752,04/16/2021 12:00:00 AM,04/15/2021 12:00:00 AM,1724
211714500,10/30/2021 12:00:00 AM,10/30/2021 12:00:00 AM,600
212008760,05/02/2021 12:00:00 AM,05/02/2021 12:00:00 AM,1710
210415395,11/30/2021 12:00:00 AM,11/29/2021 12:00:00 AM,1920
210511763,07/23/2021 12:00:00 AM,07/23/2021 12:00:00 AM,745
212116387,11/12/2021 12:00:00 AM,11/11/2021 12:00:00 AM,920
212014782,09/26/2021 12:00:00 AM,09/26/2021 12:00:00 AM,1545
210205652,02/11/2021 12:00:00 AM,02/11/2021 12:00:00 AM,1515
211812217,06/18/2021 12:00:00 AM,06/18/2021 12:00:00 AM,1150
211813525,07/13/2021 12:00:00 AM,07/13/2021 12:00:00 AM,1540
212108390,05/02/2021 12:00:00 AM,05/01/2021 12:00:00 AM,2340
211800769,12/22/2021 12:00:00 AM,12/22/2021 12:00:00 AM,2320
212106185,03/04/2021 12:00:00 AM,03/02/2021 12:00:00 AM,1810
210407807,04/20/2021 12:00:00 AM,04/19/2021 12:00:00 AM,2240
211710386,07/07/2021 12:00:00 AM,07/07/2021 12:00:00 AM,104
210909724,05/26/2021 12:00:00 AM,05/11/2021 12:00:00 AM,2150
212112689,08/16/2021 12:00:00 AM,08/16/2021 12:00:00 AM,1250
211913212,09/13/2021 12:00:00 AM,09/12/2021 12:00:00 AM,1145
211715317,11/21/2021 12:00:00 AM,11/21/2021 12:00:00 AM,830
210206345,02/28/2021 12:00:00 AM,02/28/2021 12:00:00 AM,900
211910375,06/29/2021 12:00:00 AM,06/29/2021 12:00:00 AM,1717
211014925,11/24/2021 12:00:00 AM,11/21/2021 12:00:00 AM,1440
211707424,04/13/2021 12:00:00 AM,04/13/2021 12:00:00 AM,1404
212113998,09/17/2021 12:00:00 AM,09/17/2021 12:00:00 AM,1440
211012418,09/16/2021 12:00:00 AM,09/16/2021 12:00:00 AM,1900
211013121,10/01/2021 12:00:00 AM,10/01/2021 12:00:00 AM,1400
212109689,06/03/2021 12:00:00 AM,06/03/2021 12:00:00 AM,1650
212113014,08/24/2021 12:00:00 AM,08/24/2021 12:00:00 AM,330
211014993,11/26/2021 12:00:00 AM,11/26/2021 12:00:00 AM,930
210313226,07/19/2021 12:00:00 AM,07/19/2021 12:00:00 AM,1430
210414349,10/28/2021 12:00:00 AM,10/22/2021 12:00:00 AM,1255
211510413,06/12/2021 12:00:00 AM,06/12/2021 12:00:00 AM,1041
211704144,01/02/2021 12:00:00 AM,01/02/2021 12:00:00 AM,1950
211611243,09/06/2021 12:00:00 AM,09/06/2021 12:00:00 AM,2110
211707836,04/26/2021 12:00:00 AM,04/26/2021 12:00:00 AM,1028
212111729,07/23/2021 12:00:00 AM,07/23/2021 12:00:00 AM,150
210416257,12/27/2021 12:00:00 AM,12/27/2021 12:00:00 AM,1730
211706760,03/21/2021 12:00:00 AM,03/17/2021 12:00:00 AM,1715
211706783,03/22/2021 12:00:00 AM,03/19/2021 12:00:00 AM,1830
210405649,02/14/2021 12:00:00 AM,02/14/2021 12:00:00 AM,1725
211704297,01/10/2021 12:00:00 AM,01/10/2021 12:00:00 AM,810
212109464,05/29/2021 12:00:00 AM,05/29/2021 12:00:00 AM,1059
211015906,12/21/2021 12:00:00 AM,12/21/2021 12:00:00 AM,1250
211711548,08/14/2021 12:00:00 AM,08/14/2021 12:00:00 AM,1100
210806513,03/03/2021 12:00:00 AM,03/03/2021 12:00:00 AM,1820
210412525,09/04/2021 12:00:00 AM,09/04/2021 12:00:00 AM,1
211007820,05/07/2021 12:00:00 AM,05/07/2021 12:00:00 AM,1500
211005040,02/03/2021 12:00:00 AM,02/02/2021 12:00:00 AM,1500
210404435,01/13/2021 12:00:00 AM,01/13/2021 12:00:00 AM,150
211910423,06/25/2021 12:00:00 AM,06/24/2021 12:00:00 AM,1530
211015161,12/01/2021 12:00:00 AM,12/01/2021 12:00:00 AM,1030
210319221,11/21/2021 12:00:00 AM,11/21/2021 12:00:00 AM,1015
210406359,03/06/2021 12:00:00 AM,03/06/2021 12:00:00 AM,1310
212111906,07/23/2021 12:00:00 AM,07/23/2021 12:00:00 AM,339
211712513,09/13/2021 12:00:00 AM,09/13/2021 12:00:00 AM,1100
211007917,05/12/2021 12:00:00 AM,05/12/2021 12:00:00 AM,1330
211708459,05/14/2021 12:00:00 AM,05/14/2021 12:00:00 AM,1305
210310037,05/08/2021 12:00:00 AM,05/08/2021 12:00:00 AM,2030
210212790,08/02/2021 12:00:00 AM,08/02/2021 12:00:00 AM,130
212109894,06/08/2021 12:00:00 AM,06/08/2021 12:00:00 AM,2030
211304617,01/14/2021 12:00:00 AM,01/14/2021 12:00:00 AM,1530
210817587,12/13/2021 12:00:00 AM,12/13/2021 12:00:00 AM,1930
211008774,06/05/2021 12:00:00 AM,06/05/2021 12:00:00 AM,1320
211113464,09/27/2021 12:00:00 AM,09/23/2021 12:00:00 AM,430
211912673,08/30/2021 12:00:00 AM,08/30/2021 12:00:00 AM,1530
212015578,10/12/2021 12:00:00 AM,10/09/2021 12:00:00 AM,1330
210404175,01/05/2021 12:00:00 AM,01/05/2021 12:00:00 AM,1120
210408390,05/07/2021 12:00:00 AM,05/07/2021 12:00:00 AM,1335
212107565,04/10/2021 12:00:00 AM,04/09/2021 12:00:00 AM,635
211714255,10/26/2021 12:00:00 AM,10/26/2021 12:00:00 AM,250
212112513,08/12/2021 12:00:00 AM,08/08/2021 12:00:00 AM,1500
210615511,09/06/2021 12:00:00 AM,09/06/2021 12:00:00 AM,2300
211013293,10/12/2021 12:00:00 AM,10/12/2021 12:00:00 AM,1500
211015502,12/09/2021 12:00:00 AM,12/09/2021 12:00:00 AM,1115
210617785,10/21/2021 12:00:00 AM,10/21/2021 12:00:00 AM,2200
210516915,12/08/2021 12:00:00 AM,12/08/2021 12:00:00 AM,920
210413100,09/22/2021 12:00:00 AM,09/21/2021 12:00:00 AM,1800
212013467,08/20/2021 12:00:00 AM,08/19/2021 12:00:00 AM,1920
210607466,03/25/2021 12:00:00 AM,03/24/2021 12:00:00 AM,2140
211707019,03/28/2021 12:00:00 AM,03/27/2021 12:00:00 AM,2330
211518424,12/07/2021 12:00:00 AM,12/07/2021 12:00:00 AM,1430
212011806,07/19/2021 12:00:00 AM,07/18/2021 12:00:00 AM,1637
211007154,04/16/2021 12:00:00 AM,04/15/2021 12:00:00 AM,1850
210515382,10/28/2021 12:00:00 AM,10/28/2021 12:00:00 AM,1040
211007089,04/14/2021 12:00:00 AM,04/13/2021 12:00:00 AM,1926
211308530,04/15/2021 12:00:00 AM,04/14/2021 12:00:00 AM,1800
211407364,02/28/2021 12:00:00 AM,02/28/2021 12:00:00 AM,10
211916250,12/02/2021 12:00:00 AM,12/02/2021 12:00:00 AM,700
211708323,05/08/2021 12:00:00 AM,05/08/2021 12:00:00 AM,1345
210817423,12/08/2021 12:00:00 AM,08/01/2021 12:00:00 AM,820
212108829,05/11/2021 12:00:00 AM,05/11/2021 12:00:00 AM,1930
211013273,10/11/2021 12:00:00 AM,10/11/2021 12:00:00 AM,935
211817720,09/29/2021 12:00:00 AM,09/29/2021 12:00:00 AM,1630
210409113,05/28/2021 12:00:00 AM,05/28/2021 12:00:00 AM,1500
211015019,11/27/2021 12:00:00 AM,11/27/2021 12:00:00 AM,1110
211807556,03/12/2021 12:00:00 AM,03/12/2021 12:00:00 AM,1100
210319220,11/21/2021 12:00:00 AM,11/21/2021 12:00:00 AM,1015
210612208,07/05/2021 12:00:00 AM,07/05/2021 12:00:00 AM,1145
211312577,07/11/2021 12:00:00 AM,07/11/2021 12:00:00 AM,1750
210812557,08/07/2021 12:00:00 AM,08/06/2021 12:00:00 AM,1429
212117675,12/17/2021 12:00:00 AM,12/13/2021 12:00:00 AM,1150
211504384,01/12/2021 12:00:00 AM,01/11/2021 12:00:00 AM,1345
211711756,08/17/2021 12:00:00 AM,07/28/2021 12:00:00 AM,743
212108785,05/12/2021 12:00:00 AM,04/26/2021 12:00:00 AM,2030
211016135,12/28/2021 12:00:00 AM,12/28/2021 12:00:00 AM,2100
210216356,10/17/2021 12:00:00 AM,10/17/2021 12:00:00 AM,2000
211015008,11/27/2021 12:00:00 AM,11/27/2021 12:00:00 AM,940
210713735,09/30/2021 12:00:00 AM,09/30/2021 12:00:00 AM,1200
212012142,07/26/2021 12:00:00 AM,07/26/2021 12:00:00 AM,1200
211707396,04/12/2021 12:00:00 AM,04/12/2021 12:00:00 AM,830
211411289,05/10/2021 12:00:00 AM,05/10/2021 12:00:00 AM,2345
211114113,10/13/2021 12:00:00 AM,10/13/2021 12:00:00 AM,1550
211707859,04/24/2021 12:00:00 AM,04/24/2021 12:00:00 AM,1600
211817663,09/28/2021 12:00:00 AM,09/28/2021 12:00:00 AM,1830
211612837,10/27/2021 12:00:00 AM,10/26/2021 12:00:00 AM,2125
210807405,03/25/2021 12:00:00 AM,03/25/2021 12:00:00 AM,1245
211007238,04/19/2021 12:00:00 AM,04/19/2021 12:00:00 AM,1130
211815210,08/14/2021 12:00:00 AM,08/14/2021 12:00:00 AM,2030
210817593,12/13/2021 12:00:00 AM,12/13/2021 12:00:00 AM,2200
211716176,12/14/2021 12:00:00 AM,10/31/2021 12:00:00 AM,800
210609172,04/30/2021 12:00:00 AM,04/30/2021 12:00:00 AM,900
222004005,12/31/2021 12:00:00 AM,12/31/2021 12:00:00 AM,2010
211014041,11/01/2021 12:00:00 AM,11/01/2021 12:00:00 AM,210
212107032,03/26/2021 12:00:00 AM,03/26/2021 12:00:00 AM,1020
211316530,09/27/2021 12:00:00 AM,09/27/2021 12:00:00 AM,1700
211004290,01/09/2021 12:00:00 AM,01/08/2021 12:00:00 AM,1500
211612217,10/06/2021 12:00:00 AM,10/06/2021 12:00:00 AM,1600
211715832,12/06/2021 12:00:00 AM,12/06/2021 12:00:00 AM,930
211008787,06/06/2021 12:00:00 AM,04/23/2021 12:00:00 AM,800
212110897,07/03/2021 12:00:00 AM,07/02/2021 12:00:00 AM,1045
211009714,07/02/2021 12:00:00 AM,06/27/2021 12:00:00 AM,2100
212114641,09/30/2021 12:00:00 AM,09/29/2021 12:00:00 AM,1
211710622,07/14/2021 12:00:00 AM,07/14/2021 12:00:00 AM,1218
212006820,03/16/2021 12:00:00 AM,03/16/2021 12:00:00 AM,845
210710215,06/25/2021 12:00:00 AM,06/25/2021 12:00:00 AM,2000
212111837,07/25/2021 12:00:00 AM,07/25/2021 12:00:00 AM,1125
211710729,07/18/2021 12:00:00 AM,07/18/2021 12:00:00 AM,815
211611367,09/10/2021 12:00:00 AM,09/10/2021 12:00:00 AM,811
212010287,06/10/2021 12:00:00 AM,06/10/2021 12:00:00 AM,1435
210512511,08/10/2021 12:00:00 AM,08/10/2021 12:00:00 AM,2200
210617273,10/12/2021 12:00:00 AM,10/12/2021 12:00:00 AM,1410
211015209,12/02/2021 12:00:00 AM,12/01/2021 12:00:00 AM,1830
212112435,08/10/2021 12:00:00 AM,08/10/2021 12:00:00 AM,115
212112351,08/07/2021 12:00:00 AM,08/07/2021 12:00:00 AM,2322
211714907,11/09/2021 12:00:00 AM,11/09/2021 12:00:00 AM,945
211711551,08/15/2021 12:00:00 AM,08/15/2021 12:00:00 AM,1540
210806565,03/04/2021 12:00:00 AM,03/04/2021 12:00:00 AM,1700
211712849,09/20/2021 12:00:00 AM,09/17/2021 12:00:00 AM,636
210311535,06/12/2021 12:00:00 AM,06/11/2021 12:00:00 AM,2330
211010490,07/22/2021 12:00:00 AM,07/22/2021 12:00:00 AM,1730
211607689,05/10/2021 12:00:00 AM,05/10/2021 12:00:00 AM,2355
211604244,01/09/2021 12:00:00 AM,01/09/2021 12:00:00 AM,1000
210316754,10/01/2021 12:00:00 AM,10/01/2021 12:00:00 AM,1500
210414125,10/21/2021 12:00:00 AM,10/21/2021 12:00:00 AM,1110
210911566,07/10/2021 12:00:00 AM,06/22/2021 12:00:00 AM,4
212117615,12/16/2021 12:00:00 AM,12/16/2021 12:00:00 AM,1430
211907760,04/18/2021 12:00:00 AM,04/18/2021 12:00:00 AM,1205
210605709,02/11/2021 12:00:00 AM,02/10/2021 12:00:00 AM,2115
211015920,12/22/2021 12:00:00 AM,10/15/2021 12:00:00 AM,800
211221873,10/18/2021 12:00:00 AM,10/18/2021 12:00:00 AM,1810
210117064,09/18/2021 12:00:00 AM,09/18/2021 12:00:00 AM,1930
211013382,10/15/2021 12:00:00 AM,10/15/2021 12:00:00 AM,900
211422868,12/13/2021 12:00:00 AM,12/13/2021 12:00:00 AM,1600
212108405,05/02/2021 12:00:00 AM,05/02/2021 12:00:00 AM,2230
211708919,05/31/2021 12:00:00 AM,05/31/2021 12:00:00 AM,1440
212109463,05/29/2021 12:00:00 AM,05/26/2021 12:00:00 AM,1545
211709625,06/17/2021 12:00:00 AM,06/16/2021 12:00:00 AM,1700
211015031,11/28/2021 12:00:00 AM,11/28/2021 12:00:00 AM,1125
212007774,04/06/2021 12:00:00 AM,04/06/2021 12:00:00 AM,2125
212112894,08/22/2021 12:00:00 AM,08/21/2021 12:00:00 AM,1125
212010100,06/06/2021 12:00:00 AM,06/06/2021 12:00:00 AM,1600
212011526,07/09/2021 12:00:00 AM,07/08/2021 12:00:00 AM,2046
212107031,03/26/2021 12:00:00 AM,03/26/2021 12:00:00 AM,1020
212111922,07/28/2021 12:00:00 AM,07/28/2021 12:00:00 AM,1420
211909016,05/22/2021 12:00:00 AM,05/22/2021 12:00:00 AM,2205
210505014,01/26/2021 12:00:00 AM,01/26/2021 12:00:00 AM,204
210317997,10/28/2021 12:00:00 AM,10/28/2021 12:00:00 AM,1400
212113064,08/25/2021 12:00:00 AM,08/25/2021 12:00:00 AM,830
211210646,04/20/2021 12:00:00 AM,04/20/2021 12:00:00 AM,1852
212116212,11/07/2021 12:00:00 AM,11/05/2021 12:00:00 AM,1300
210304019,01/01/2021 12:00:00 AM,01/01/2021 12:00:00 AM,709
212112512,08/12/2021 12:00:00 AM,08/11/2021 12:00:00 AM,1800
211015468,12/09/2021 12:00:00 AM,12/07/2021 12:00:00 AM,1742
210216166,10/12/2021 12:00:00 AM,10/10/2021 12:00:00 AM,2000
221012375,08/03/2022 12:00:00 AM,11/10/2021 12:00:00 AM,1200
211111853,08/12/2021 12:00:00 AM,08/12/2021 12:00:00 AM,1030
211715717,12/01/2021 12:00:00 AM,11/28/2021 12:00:00 AM,745
211113880,10/10/2021 12:00:00 AM,10/08/2021 12:00:00 AM,2030
210408320,05/06/2021 12:00:00 AM,05/05/2021 12:00:00 AM,853
210904823,01/24/2021 12:00:00 AM,01/23/2021 12:00:00 AM,2100
211710176,07/01/2021 12:00:00 AM,07/01/2021 12:00:00 AM,1750
212111562,07/18/2021 12:00:00 AM,07/18/2021 12:00:00 AM,2259
212010111,06/06/2021 12:00:00 AM,06/06/2021 12:00:00 AM,2000
211013779,10/26/2021 12:00:00 AM,10/26/2021 12:00:00 AM,318
211708125,05/04/2021 12:00:00 AM,05/02/2021 12:00:00 AM,1615
210805192,01/30/2021 12:00:00 AM,01/30/2021 12:00:00 AM,850
211709940,06/24/2021 12:00:00 AM,06/24/2021 12:00:00 AM,1500
221709672,06/05/2022 12:00:00 AM,06/05/2022 12:00:00 AM,1343
221416916,09/23/2022 12:00:00 AM,09/22/2022 12:00:00 AM,2121
221714278,10/02/2022 12:00:00 AM,10/02/2022 12:00:00 AM,1918
222017250,10/02/2022 12:00:00 AM,10/02/2022 12:00:00 AM,1500
221709669,06/05/2022 12:00:00 AM,06/05/2022 12:00:00 AM,1343
220317017,09/18/2022 12:00:00 AM,09/18/2022 12:00:00 AM,1330
220311406,05/29/2022 12:00:00 AM,05/29/2022 12:00:00 AM,925
220909807,05/31/2022 12:00:00 AM,05/31/2022 12:00:00 AM,205
221011062,06/30/2022 12:00:00 AM,06/28/2022 12:00:00 AM,710
221107061,03/24/2022 12:00:00 AM,03/23/2022 12:00:00 AM,1455
221907081,03/16/2022 12:00:00 AM,03/16/2022 12:00:00 AM,1510
221105355,02/07/2022 12:00:00 AM,02/06/2022 12:00:00 AM,1915
221006669,03/13/2022 12:00:00 AM,03/13/2022 12:00:00 AM,1155
222006597,03/01/2022 12:00:00 AM,02/27/2022 12:00:00 AM,1000
221009401,05/19/2022 12:00:00 AM,05/19/2022 12:00:00 AM,1430
220812821,08/03/2022 12:00:00 AM,07/13/2022 12:00:00 AM,1530
221012423,08/04/2022 12:00:00 AM,08/04/2022 12:00:00 AM,930
221013085,08/22/2022 12:00:00 AM,07/28/2022 12:00:00 AM,1200
221318119,09/22/2022 12:00:00 AM,09/22/2022 12:00:00 AM,1650
221715015,10/20/2022 12:00:00 AM,10/20/2022 12:00:00 AM,1305
221711129,07/09/2022 12:00:00 AM,07/09/2022 12:00:00 AM,1845
222107234,03/24/2022 12:00:00 AM,02/19/2022 12:00:00 AM,1800
221009936,06/02/2022 12:00:00 AM,06/02/2022 12:00:00 AM,1200
221012385,08/03/2022 12:00:00 AM,08/03/2022 12:00:00 AM,815
221014118,09/16/2022 12:00:00 AM,09/16/2022 12:00:00 AM,2230
221015891,10/31/2022 12:00:00 AM,10/31/2022 12:00:00 AM,700
220913761,09/12/2022 12:00:00 AM,09/11/2022 12:00:00 AM,1659
220914226,09/24/2022 12:00:00 AM,09/24/2022 12:00:00 AM,1430
220307186,03/01/2022 12:00:00 AM,02/10/2022 12:00:00 AM,950
220917835,12/30/2022 12:00:00 AM,12/30/2022 12:00:00 AM,1300
220615883,09/12/2022 12:00:00 AM,09/12/2022 12:00:00 AM,1600
221818681,10/07/2022 12:00:00 AM,10/07/2022 12:00:00 AM,850
220315596,08/24/2022 12:00:00 AM,08/24/2022 12:00:00 AM,800
221517359,11/13/2022 12:00:00 AM,11/13/2022 12:00:00 AM,1435
221012111,07/27/2022 12:00:00 AM,07/27/2022 12:00:00 AM,415
221011438,07/10/2022 12:00:00 AM,07/10/2022 12:00:00 AM,924
221715427,10/29/2022 12:00:00 AM,10/29/2022 12:00:00 AM,1305
221010345,06/12/2022 12:00:00 AM,06/12/2022 12:00:00 AM,2320
221107055,03/24/2022 12:00:00 AM,03/23/2022 12:00:00 AM,2110
221716979,12/04/2022 12:00:00 AM,12/04/2022 12:00:00 AM,1545
222005886,02/13/2022 12:00:00 AM,02/12/2022 12:00:00 AM,1600
222111057,06/28/2022 12:00:00 AM,06/28/2022 12:00:00 AM,1800
222111770,07/16/2022 12:00:00 AM,07/16/2022 12:00:00 AM,1045
222007721,03/28/2022 12:00:00 AM,03/08/2022 12:00:00 AM,943
221710246,06/19/2022 12:00:00 AM,06/18/2022 12:00:00 AM,1522
220912427,08/10/2022 12:00:00 AM,08/06/2022 12:00:00 AM,1530
221517358,11/13/2022 12:00:00 AM,11/13/2022 12:00:00 AM,1130
220910337,06/14/2022 12:00:00 AM,06/13/2022 12:00:00 AM,2222
220910849,06/27/2022 12:00:00 AM,06/27/2022 12:00:00 AM,1848
221117557,12/17/2022 12:00:00 AM,12/16/2022 12:00:00 AM,2145
221709670,06/05/2022 12:00:00 AM,06/05/2022 12:00:00 AM,1343
220713435,08/28/2022 12:00:00 AM,08/28/2022 12:00:00 AM,1639
222007659,03/27/2022 12:00:00 AM,03/24/2022 12:00:00 AM,2200
220913963,09/17/2022 12:00:00 AM,09/14/2022 12:00:00 AM,2200
221805775,02/09/2022 12:00:00 AM,02/09/2022 12:00:00 AM,1000
221715476,10/19/2022 12:00:00 AM,10/19/2022 12:00:00 AM,805
220126591,12/18/2022 12:00:00 AM,12/18/2022 12:00:00 AM,1500
221709582,06/01/2022 12:00:00 AM,06/01/2022 12:00:00 AM,2140
221705583,02/14/2022 12:00:00 AM,02/14/2022 12:00:00 AM,1900
221704940,01/24/2022 12:00:00 AM,01/24/2022 12:00:00 AM,2000
221709634,06/02/2022 12:00:00 AM,06/02/2022 12:00:00 AM,845
222111979,07/21/2022 12:00:00 AM,07/21/2022 12:00:00 AM,2345
221716545,11/20/2022 12:00:00 AM,11/02/2022 12:00:00 AM,1620
220807328,03/23/2022 12:00:00 AM,03/23/2022 12:00:00 AM,1600
221916328,10/21/2022 12:00:00 AM,10/19/2022 12:00:00 AM,2250
222018125,12/07/2022 12:00:00 AM,12/07/2022 12:00:00 AM,1900
220616746,09/28/2022 12:00:00 AM,09/28/2022 12:00:00 AM,1506
221225626,12/18/2022 12:00:00 AM,12/18/2022 12:00:00 AM,1500
221305409,01/30/2022 12:00:00 AM,01/30/2022 12:00:00 AM,1330
220106785,02/17/2022 12:00:00 AM,02/17/2022 12:00:00 AM,1443
221711075,07/10/2022 12:00:00 AM,07/10/2022 12:00:00 AM,1240
221708866,05/13/2022 12:00:00 AM,05/13/2022 12:00:00 AM,1530
221713350,09/10/2022 12:00:00 AM,09/10/2022 12:00:00 AM,1045
221504178,01/04/2022 12:00:00 AM,01/04/2022 12:00:00 AM,1110
221709490,05/30/2022 12:00:00 AM,05/30/2022 12:00:00 AM,1900
221313469,06/26/2022 12:00:00 AM,06/26/2022 12:00:00 AM,720
221715473,10/23/2022 12:00:00 AM,10/23/2022 12:00:00 AM,1815
221707006,03/25/2022 12:00:00 AM,03/25/2022 12:00:00 AM,930
222010942,06/09/2022 12:00:00 AM,06/09/2022 12:00:00 AM,2045
222114419,09/18/2022 12:00:00 AM,09/18/2022 12:00:00 AM,2115
220612944,07/09/2022 12:00:00 AM,06/29/2022 12:00:00 AM,2235
220812107,07/16/2022 12:00:00 AM,07/16/2022 12:00:00 AM,1356
220312010,06/08/2022 12:00:00 AM,06/08/2022 12:00:00 AM,800
221916040,10/25/2022 12:00:00 AM,10/24/2022 12:00:00 AM,1700
221711977,08/04/2022 12:00:00 AM,07/24/2022 12:00:00 AM,630
221715794,11/08/2022 12:00:00 AM,11/08/2022 12:00:00 AM,850
221005078,01/30/2022 12:00:00 AM,01/30/2022 12:00:00 AM,1325
221005276,02/04/2022 12:00:00 AM,02/04/2022 12:00:00 AM,1420
221517378,11/13/2022 12:00:00 AM,11/13/2022 12:00:00 AM,1330
220316486,09/08/2022 12:00:00 AM,09/07/2022 12:00:00 AM,1700
221709778,06/05/2022 12:00:00 AM,06/05/2022 12:00:00 AM,1320
220907860,04/11/2022 12:00:00 AM,04/11/2022 12:00:00 AM,2000
221816462,08/28/2022 12:00:00 AM,08/25/2022 12:00:00 AM,1500
220118597,08/18/2022 12:00:00 AM,08/18/2022 12:00:00 AM,2110
222112894,08/11/2022 12:00:00 AM,08/02/2022 12:00:00 AM,800
221013784,09/08/2022 12:00:00 AM,09/08/2022 12:00:00 AM,1
221908213,04/13/2022 12:00:00 AM,04/13/2022 12:00:00 AM,1533
221007000,03/21/2022 12:00:00 AM,03/21/2022 12:00:00 AM,1
221700718,04/21/2022 12:00:00 AM,04/21/2022 12:00:00 AM,1500
220205059,01/26/2022 12:00:00 AM,01/26/2022 12:00:00 AM,10
220304600,01/14/2022 12:00:00 AM,01/14/2022 12:00:00 AM,1230
221309932,04/20/2022 12:00:00 AM,04/20/2022 12:00:00 AM,1045
222118234,12/28/2022 12:00:00 AM,12/27/2022 12:00:00 AM,1330
220218654,10/17/2022 12:00:00 AM,10/17/2022 12:00:00 AM,1100
220306150,02/17/2022 12:00:00 AM,02/17/2022 12:00:00 AM,155
220717892,12/17/2022 12:00:00 AM,12/17/2022 12:00:00 AM,1500
221018218,12/29/2022 12:00:00 AM,12/29/2022 12:00:00 AM,411
220209463,04/28/2022 12:00:00 AM,04/04/2022 12:00:00 AM,1200
221712543,08/21/2022 12:00:00 AM,08/21/2022 12:00:00 AM,1630
221009167,05/13/2022 12:00:00 AM,05/13/2022 12:00:00 AM,1630
221011075,06/30/2022 12:00:00 AM,06/30/2022 12:00:00 AM,2045
220218347,10/10/2022 12:00:00 AM,10/10/2022 12:00:00 AM,2025
221711076,07/10/2022 12:00:00 AM,07/10/2022 12:00:00 AM,1310
220311279,05/25/2022 12:00:00 AM,05/25/2022 12:00:00 AM,2200
222112998,08/13/2022 12:00:00 AM,08/13/2022 12:00:00 AM,750
221208987,03/31/2022 12:00:00 AM,03/31/2022 12:00:00 AM,1253
221708118,04/25/2022 12:00:00 AM,04/25/2022 12:00:00 AM,900
221715727,11/03/2022 12:00:00 AM,11/03/2022 12:00:00 AM,1500
221712671,08/24/2022 12:00:00 AM,08/24/2022 12:00:00 AM,1333
221807746,03/18/2022 12:00:00 AM,03/18/2022 12:00:00 AM,1755
221316507,08/23/2022 12:00:00 AM,08/23/2022 12:00:00 AM,1930
220909035,05/11/2022 12:00:00 AM,05/11/2022 12:00:00 AM,1337
221707295,04/02/2022 12:00:00 AM,03/31/2022 12:00:00 AM,1525
221010622,06/20/2022 12:00:00 AM,06/20/2022 12:00:00 AM,825
220209587,05/01/2022 12:00:00 AM,05/01/2022 12:00:00 AM,2215
221004834,01/24/2022 12:00:00 AM,01/24/2022 12:00:00 AM,840
221018156,12/27/2022 12:00:00 AM,12/27/2022 12:00:00 AM,2005
221710546,06/26/2022 12:00:00 AM,06/26/2022 12:00:00 AM,1330
220506024,02/21/2022 12:00:00 AM,02/21/2022 12:00:00 AM,1645
221008229,04/21/2022 12:00:00 AM,04/20/2022 12:00:00 AM,2125
220105518,01/26/2022 12:00:00 AM,01/26/2022 12:00:00 AM,2215
221709671,06/05/2022 12:00:00 AM,06/05/2022 12:00:00 AM,1343
220318533,10/07/2022 12:00:00 AM,09/29/2022 12:00:00 AM,730
221008475,04/27/2022 12:00:00 AM,04/26/2022 12:00:00 AM,2030
221714476,10/09/2022 12:00:00 AM,10/09/2022 12:00:00 AM,1815
222105353,02/06/2022 12:00:00 AM,02/06/2022 12:00:00 AM,1915
221322855,12/25/2022 12:00:00 AM,12/25/2022 12:00:00 AM,930
221005789,02/17/2022 12:00:00 AM,02/12/2022 12:00:00 AM,1436
221710849,06/30/2022 12:00:00 AM,06/30/2022 12:00:00 AM,2110
221712603,08/22/2022 12:00:00 AM,08/22/2022 12:00:00 AM,45
221708364,04/30/2022 12:00:00 AM,04/30/2022 12:00:00 AM,2040
221712136,08/09/2022 12:00:00 AM,08/01/2022 12:00:00 AM,710
220411367,07/28/2022 12:00:00 AM,07/28/2022 12:00:00 AM,1900
221008921,05/07/2022 12:00:00 AM,05/07/2022 12:00:00 AM,2355
220612869,07/07/2022 12:00:00 AM,07/07/2022 12:00:00 AM,2310
220205125,01/27/2022 12:00:00 AM,01/27/2022 12:00:00 AM,2220
221710846,06/30/2022 12:00:00 AM,06/30/2022 12:00:00 AM,2300
222015061,09/16/2022 12:00:00 AM,09/16/2022 12:00:00 AM,150
221007622,04/06/2022 12:00:00 AM,04/06/2022 12:00:00 AM,720
221319245,10/13/2022 12:00:00 AM,10/12/2022 12:00:00 AM,1545
222008290,04/10/2022 12:00:00 AM,04/08/2022 12:00:00 AM,1343
221005077,01/30/2022 12:00:00 AM,01/09/2022 12:00:00 AM,1520
220306883,03/02/2022 12:00:00 AM,03/02/2022 12:00:00 AM,2227
220914511,10/01/2022 12:00:00 AM,10/01/2022 12:00:00 AM,1250
220909498,05/23/2022 12:00:00 AM,05/23/2022 12:00:00 AM,855
222110697,06/18/2022 12:00:00 AM,06/17/2022 12:00:00 AM,2330
221700604,03/05/2022 12:00:00 AM,03/05/2022 12:00:00 AM,845
221706646,03/15/2022 12:00:00 AM,03/11/2022 12:00:00 AM,1535
222110395,06/11/2022 12:00:00 AM,06/08/2022 12:00:00 AM,2020
221711259,07/14/2022 12:00:00 AM,07/14/2022 12:00:00 AM,1000
220707786,04/10/2022 12:00:00 AM,04/09/2022 12:00:00 AM,1800
220510235,06/15/2022 12:00:00 AM,06/15/2022 12:00:00 AM,800
221009623,05/25/2022 12:00:00 AM,05/25/2022 12:00:00 AM,620
220205866,02/13/2022 12:00:00 AM,02/13/2022 12:00:00 AM,1030
221010790,06/23/2022 12:00:00 AM,06/23/2022 12:00:00 AM,1900
221713424,09/10/2022 12:00:00 AM,08/03/2022 12:00:00 AM,1615
220314924,08/10/2022 12:00:00 AM,08/10/2022 12:00:00 AM,737
221807732,03/18/2022 12:00:00 AM,03/18/2022 12:00:00 AM,1755
221712203,08/11/2022 12:00:00 AM,08/11/2022 12:00:00 AM,900
220205865,02/13/2022 12:00:00 AM,02/13/2022 12:00:00 AM,1030
221006746,03/15/2022 12:00:00 AM,03/13/2022 12:00:00 AM,1630
221713426,09/10/2022 12:00:00 AM,09/10/2022 12:00:00 AM,1820
221323134,11/12/2022 12:00:00 AM,11/12/2022 12:00:00 AM,2300
221009673,05/26/2022 12:00:00 AM,05/26/2022 12:00:00 AM,1945
222015949,10/16/2022 12:00:00 AM,10/16/2022 12:00:00 AM,1300
221011174,07/02/2022 12:00:00 AM,07/02/2022 12:00:00 AM,2010
220312519,06/19/2022 12:00:00 AM,06/19/2022 12:00:00 AM,655
220219765,11/06/2022 12:00:00 AM,11/06/2022 12:00:00 AM,20
221011199,07/04/2022 12:00:00 AM,07/03/2022 12:00:00 AM,710
221708012,04/20/2022 12:00:00 AM,04/09/2022 12:00:00 AM,1000
220220199,11/14/2022 12:00:00 AM,11/14/2022 12:00:00 AM,2000
221710572,06/25/2022 12:00:00 AM,06/24/2022 12:00:00 AM,1319
222008207,04/08/2022 12:00:00 AM,04/02/2022 12:00:00 AM,2000
222113267,08/19/2022 12:00:00 AM,08/17/2022 12:00:00 AM,1735
220411998,08/14/2022 12:00:00 AM,08/14/2022 12:00:00 AM,15
221012117,07/27/2022 12:00:00 AM,07/27/2022 12:00:00 AM,2104
221009697,05/27/2022 12:00:00 AM,05/27/2022 12:00:00 AM,613
221214896,06/29/2022 12:00:00 AM,06/16/2022 12:00:00 AM,900
220915961,11/09/2022 12:00:00 AM,11/08/2022 12:00:00 AM,1052
221713428,09/11/2022 12:00:00 AM,09/11/2022 12:00:00 AM,1153
221013970,09/13/2022 12:00:00 AM,09/13/2022 12:00:00 AM,2100
220307689,03/18/2022 12:00:00 AM,03/18/2022 12:00:00 AM,1200
221005766,02/17/2022 12:00:00 AM,02/17/2022 12:00:00 AM,740
220314936,08/11/2022 12:00:00 AM,07/29/2022 12:00:00 AM,1230
221010657,06/20/2022 12:00:00 AM,06/03/2022 12:00:00 AM,1906
221006917,03/19/2022 12:00:00 AM,02/18/2022 12:00:00 AM,420
221008316,04/23/2022 12:00:00 AM,04/23/2022 12:00:00 AM,840
221710547,06/26/2022 12:00:00 AM,06/26/2022 12:00:00 AM,1330
221708694,05/11/2022 12:00:00 AM,05/11/2022 12:00:00 AM,2
220916701,11/30/2022 12:00:00 AM,11/29/2022 12:00:00 AM,2030
220409092,05/26/2022 12:00:00 AM,05/25/2022 12:00:00 AM,2200
220218060,10/05/2022 12:00:00 AM,10/05/2022 12:00:00 AM,1130
221222527,10/29/2022 12:00:00 AM,10/29/2022 12:00:00 AM,300
220210763,05/23/2022 12:00:00 AM,05/23/2022 12:00:00 AM,1625
221319556,10/19/2022 12:00:00 AM,10/19/2022 12:00:00 AM,1036
221012760,08/13/2022 12:00:00 AM,08/13/2022 12:00:00 AM,220
222116704,11/16/2022 12:00:00 AM,11/04/2022 12:00:00 AM,1829
220407770,04/21/2022 12:00:00 AM,04/21/2022 12:00:00 AM,600
221010664,06/21/2022 12:00:00 AM,06/15/2022 12:00:00 AM,1846
221807745,03/18/2022 12:00:00 AM,03/18/2022 12:00:00 AM,1755
220411931,08/11/2022 12:00:00 AM,08/11/2022 12:00:00 AM,1800
220210779,05/23/2022 12:00:00 AM,05/23/2022 12:00:00 AM,2320
221907392,03/24/2022 12:00:00 AM,03/21/2022 12:00:00 AM,2000
221800685,06/13/2022 12:00:00 AM,06/13/2022 12:00:00 AM,1100
221301102,12/12/2022 12:00:00 AM,12/10/2022 12:00:00 AM,1545
221705133,01/30/2022 12:00:00 AM,01/30/2022 12:00:00 AM,1558
220219430,10/30/2022 12:00:00 AM,10/30/2022 12:00:00 AM,1750
221915529,10/10/2022 12:00:00 AM,10/09/2022 12:00:00 AM,800
222005885,02/13/2022 12:00:00 AM,02/12/2022 12:00:00 AM,2235
221007216,03/26/2022 12:00:00 AM,03/26/2022 12:00:00 AM,100
222013786,08/15/2022 12:00:00 AM,08/15/2022 12:00:00 AM,1155
220308629,04/05/2022 12:00:00 AM,04/05/2022 12:00:00 AM,545
222013623,08/14/2022 12:00:00 AM,08/06/2022 12:00:00 AM,1520
220312011,06/08/2022 12:00:00 AM,06/08/2022 12:00:00 AM,800
222018745,12/14/2022 12:00:00 AM,12/14/2022 12:00:00 AM,40
221509062,05/03/2022 12:00:00 AM,04/30/2022 12:00:00 AM,830
221013954,09/13/2022 12:00:00 AM,09/13/2022 12:00:00 AM,600
221223477,11/14/2022 12:00:00 AM,11/13/2022 12:00:00 AM,2130
221614659,11/29/2022 12:00:00 AM,11/28/2022 12:00:00 AM,2230
221006216,03/01/2022 12:00:00 AM,03/01/2022 12:00:00 AM,1040
221310554,05/03/2022 12:00:00 AM,05/03/2022 12:00:00 AM,900
220513448,09/07/2022 12:00:00 AM,09/07/2022 12:00:00 AM,2020
221813232,06/24/2022 12:00:00 AM,06/24/2022 12:00:00 AM,1000
221709600,05/29/2022 12:00:00 AM,05/29/2022 12:00:00 AM,1843
220218272,10/09/2022 12:00:00 AM,10/09/2022 12:00:00 AM,2315
220220198,11/14/2022 12:00:00 AM,11/14/2022 12:00:00 AM,2000
231406389,02/27/2023 12:00:00 AM,02/26/2023 12:00:00 AM,1637
230317576,10/05/2023 12:00:00 AM,10/01/2023 12:00:00 AM,1930
231308127,03/22/2023 12:00:00 AM,03/22/2023 12:00:00 AM,2040
231517699,11/16/2023 12:00:00 AM,11/15/2023 12:00:00 AM,2140
230210884,05/18/2023 12:00:00 AM,05/16/2023 12:00:00 AM,2000
232008902,04/28/2023 12:00:00 AM,04/28/2023 12:00:00 AM,815
231614714,12/05/2023 12:00:00 AM,12/05/2023 12:00:00 AM,1800
231110179,06/15/2023 12:00:00 AM,06/15/2023 12:00:00 AM,1600
230612815,07/21/2023 12:00:00 AM,07/21/2023 12:00:00 AM,115
230412960,09/30/2023 12:00:00 AM,09/30/2023 12:00:00 AM,1400
231104510,01/13/2023 12:00:00 AM,01/11/2023 12:00:00 AM,238
231812684,06/29/2023 12:00:00 AM,06/28/2023 12:00:00 AM,1400
230211201,05/24/2023 12:00:00 AM,05/24/2023 12:00:00 AM,510
231609767,07/01/2023 12:00:00 AM,07/01/2023 12:00:00 AM,920
230911688,07/10/2023 12:00:00 AM,07/10/2023 12:00:00 AM,1200
231912026,07/23/2023 12:00:00 AM,07/23/2023 12:00:00 AM,2300
230314299,07/30/2023 12:00:00 AM,07/30/2023 12:00:00 AM,1000
230115540,07/07/2023 12:00:00 AM,07/07/2023 12:00:00 AM,1127
231519480,12/23/2023 12:00:00 AM,12/23/2023 12:00:00 AM,1720
231613409,10/27/2023 12:00:00 AM,10/27/2023 12:00:00 AM,1200
231111870,08/05/2023 12:00:00 AM,08/03/2023 12:00:00 AM,1550
231708376,03/31/2023 12:00:00 AM,03/31/2023 12:00:00 AM,1810
231917423,12/04/2023 12:00:00 AM,12/03/2023 12:00:00 AM,1700
231516326,10/19/2023 12:00:00 AM,10/18/2023 12:00:00 AM,1830
231305410,01/27/2023 12:00:00 AM,01/27/2023 12:00:00 AM,730
232108187,04/21/2023 12:00:00 AM,04/21/2023 12:00:00 AM,1705
231111369,07/22/2023 12:00:00 AM,07/21/2023 12:00:00 AM,1111
231614143,11/17/2023 12:00:00 AM,11/16/2023 12:00:00 AM,1900
230307117,03/01/2023 12:00:00 AM,03/01/2023 12:00:00 AM,1345
231808171,03/26/2023 12:00:00 AM,03/26/2023 12:00:00 AM,1400
231008146,04/18/2023 12:00:00 AM,04/18/2023 12:00:00 AM,1800
231711564,06/17/2023 12:00:00 AM,06/17/2023 12:00:00 AM,1224
231709199,04/25/2023 12:00:00 AM,04/11/2023 12:00:00 AM,2200
231612692,10/02/2023 12:00:00 AM,10/02/2023 12:00:00 AM,2215
230516151,11/23/2023 12:00:00 AM,11/23/2023 12:00:00 AM,1045
231016696,12/03/2023 12:00:00 AM,12/02/2023 12:00:00 AM,800
231519454,12/23/2023 12:00:00 AM,12/23/2023 12:00:00 AM,1217
231613910,11/09/2023 12:00:00 AM,11/07/2023 12:00:00 AM,1933
231815012,08/14/2023 12:00:00 AM,08/14/2023 12:00:00 AM,1400
230516414,12/01/2023 12:00:00 AM,11/26/2023 12:00:00 AM,1137
230912960,08/14/2023 12:00:00 AM,08/14/2023 12:00:00 AM,1500
231611824,09/03/2023 12:00:00 AM,09/03/2023 12:00:00 AM,515
230607956,04/03/2023 12:00:00 AM,04/01/2023 12:00:00 AM,554
230317663,10/05/2023 12:00:00 AM,09/28/2023 12:00:00 AM,1440
232113471,08/29/2023 12:00:00 AM,08/26/2023 12:00:00 AM,2200
231712724,07/03/2023 12:00:00 AM,07/02/2023 12:00:00 AM,2020
231615304,12/24/2023 12:00:00 AM,12/24/2023 12:00:00 AM,140
231312131,06/11/2023 12:00:00 AM,06/11/2023 12:00:00 AM,20
231516993,11/02/2023 12:00:00 AM,10/31/2023 12:00:00 AM,2335
231319325,10/21/2023 12:00:00 AM,10/21/2023 12:00:00 AM,1600
230407478,04/17/2023 12:00:00 AM,04/17/2023 12:00:00 AM,1600
231713630,08/06/2023 12:00:00 AM,08/06/2023 12:00:00 AM,1045
231519203,12/20/2023 12:00:00 AM,12/10/2023 12:00:00 AM,2004
230119409,09/07/2023 12:00:00 AM,09/07/2023 12:00:00 AM,1350
230904768,01/21/2023 12:00:00 AM,01/19/2023 12:00:00 AM,1325
231708379,04/06/2023 12:00:00 AM,04/06/2023 12:00:00 AM,2010
231007534,04/02/2023 12:00:00 AM,04/02/2023 12:00:00 AM,130
231612706,10/03/2023 12:00:00 AM,10/03/2023 12:00:00 AM,1900
231607595,04/23/2023 12:00:00 AM,04/23/2023 12:00:00 AM,2030
230816092,10/25/2023 12:00:00 AM,10/25/2023 12:00:00 AM,1810
231609912,07/08/2023 12:00:00 AM,07/08/2023 12:00:00 AM,1400
231517946,11/21/2023 12:00:00 AM,11/21/2023 12:00:00 AM,2105
231516480,10/21/2023 12:00:00 AM,10/21/2023 12:00:00 AM,1808
230612169,07/06/2023 12:00:00 AM,07/06/2023 12:00:00 AM,1300
232013512,07/31/2023 12:00:00 AM,07/17/2023 12:00:00 AM,2345
231905066,01/27/2023 12:00:00 AM,01/27/2023 12:00:00 AM,1600
231317152,09/11/2023 12:00:00 AM,09/10/2023 12:00:00 AM,1100
231904954,01/25/2023 12:00:00 AM,01/21/2023 12:00:00 AM,1242
232104626,01/18/2023 12:00:00 AM,01/18/2023 12:00:00 AM,1250
231916995,11/24/2023 12:00:00 AM,11/23/2023 12:00:00 AM,1625
231107216,03/28/2023 12:00:00 AM,03/23/2023 12:00:00 AM,100
230317521,10/04/2023 12:00:00 AM,10/03/2023 12:00:00 AM,2345
232115820,10/30/2023 12:00:00 AM,10/30/2023 12:00:00 AM,440
230214532,07/25/2023 12:00:00 AM,07/25/2023 12:00:00 AM,1900
232107479,04/03/2023 12:00:00 AM,04/03/2023 12:00:00 AM,1400
231615079,12/17/2023 12:00:00 AM,12/17/2023 12:00:00 AM,1530
230512325,08/15/2023 12:00:00 AM,08/15/2023 12:00:00 AM,1255
231713455,08/02/2023 12:00:00 AM,08/02/2023 12:00:00 AM,1300
232012920,07/16/2023 12:00:00 AM,07/16/2023 12:00:00 AM,1735
231612752,10/05/2023 12:00:00 AM,10/05/2023 12:00:00 AM,1915
231104509,01/13/2023 12:00:00 AM,01/13/2023 12:00:00 AM,725
231008047,04/16/2023 12:00:00 AM,04/16/2023 12:00:00 AM,1300
231909183,05/13/2023 12:00:00 AM,05/13/2023 12:00:00 AM,1010
231005304,02/03/2023 12:00:00 AM,01/26/2023 12:00:00 AM,1702
231515940,10/11/2023 12:00:00 AM,10/11/2023 12:00:00 AM,220
230517182,12/22/2023 12:00:00 AM,12/22/2023 12:00:00 AM,1324
231014038,09/22/2023 12:00:00 AM,09/22/2023 12:00:00 AM,750
231715164,09/13/2023 12:00:00 AM,09/13/2023 12:00:00 AM,1020
230301092,12/10/2023 12:00:00 AM,12/10/2023 12:00:00 AM,1915
231306183,02/11/2023 12:00:00 AM,02/08/2023 12:00:00 AM,1715
230404883,01/27/2023 12:00:00 AM,01/27/2023 12:00:00 AM,700
231517949,11/21/2023 12:00:00 AM,11/21/2023 12:00:00 AM,2100
231317214,09/12/2023 12:00:00 AM,09/12/2023 12:00:00 AM,30
231110519,06/25/2023 12:00:00 AM,06/25/2023 12:00:00 AM,1840
230508134,04/24/2023 12:00:00 AM,04/24/2023 12:00:00 AM,1635
231916994,11/24/2023 12:00:00 AM,11/24/2023 12:00:00 AM,25
230319328,11/06/2023 12:00:00 AM,11/06/2023 12:00:00 AM,1230
230218147,09/25/2023 12:00:00 AM,09/25/2023 12:00:00 AM,1945
231517691,11/16/2023 12:00:00 AM,11/15/2023 12:00:00 AM,1945
232113009,08/17/2023 12:00:00 AM,08/17/2023 12:00:00 AM,1235
232006809,03/08/2023 12:00:00 AM,03/08/2023 12:00:00 AM,1745
230604077,01/02/2023 12:00:00 AM,01/02/2023 12:00:00 AM,2303
230406612,03/21/2023 12:00:00 AM,03/21/2023 12:00:00 AM,1655
231013203,09/01/2023 12:00:00 AM,09/01/2023 12:00:00 AM,100
231708373,03/21/2023 12:00:00 AM,03/15/2023 12:00:00 AM,2027
232010275,05/16/2023 12:00:00 AM,05/13/2023 12:00:00 AM,1605
231812728,06/30/2023 12:00:00 AM,06/30/2023 12:00:00 AM,600
231011052,07/05/2023 12:00:00 AM,07/05/2023 12:00:00 AM,930
231017711,12/29/2023 12:00:00 AM,12/29/2023 12:00:00 AM,600
232018613,12/01/2023 12:00:00 AM,12/01/2023 12:00:00 AM,1930
230401522,10/20/2023 12:00:00 AM,10/20/2023 12:00:00 AM,1405
231608287,05/17/2023 12:00:00 AM,05/17/2023 12:00:00 AM,845
231608289,05/16/2023 12:00:00 AM,05/16/2023 12:00:00 AM,1715
231516678,10/26/2023 12:00:00 AM,10/16/2023 12:00:00 AM,1140
231318385,10/05/2023 12:00:00 AM,09/30/2023 12:00:00 AM,1055
231808757,04/08/2023 12:00:00 AM,04/08/2023 12:00:00 AM,1030
232113108,08/19/2023 12:00:00 AM,08/19/2023 12:00:00 AM,1330
230205052,01/24/2023 12:00:00 AM,01/24/2023 12:00:00 AM,2200
231510771,06/08/2023 12:00:00 AM,06/08/2023 12:00:00 AM,1535
230219884,10/27/2023 12:00:00 AM,10/27/2023 12:00:00 AM,1800
232104113,01/04/2023 12:00:00 AM,01/04/2023 12:00:00 AM,1430
231604230,01/07/2023 12:00:00 AM,01/07/2023 12:00:00 AM,2200
232113033,08/17/2023 12:00:00 AM,08/17/2023 12:00:00 AM,1900
231716314,10/05/2023 12:00:00 AM,10/05/2023 12:00:00 AM,1610
231014459,10/04/2023 12:00:00 AM,10/04/2023 12:00:00 AM,1940
231704071,01/02/2023 12:00:00 AM,01/02/2023 12:00:00 AM,1030
231713433,08/01/2023 12:00:00 AM,08/01/2023 12:00:00 AM,1845
231310079,05/02/2023 12:00:00 AM,05/02/2023 12:00:00 AM,1915
231614625,12/02/2023 12:00:00 AM,12/02/2023 12:00:00 AM,1008
230908116,04/13/2023 12:00:00 AM,04/13/2023 12:00:00 AM,609
231314662,07/28/2023 12:00:00 AM,07/28/2023 12:00:00 AM,1310
231714551,08/31/2023 12:00:00 AM,08/31/2023 12:00:00 AM,915
231311157,05/22/2023 12:00:00 AM,05/22/2023 12:00:00 AM,2130
230409311,06/13/2023 12:00:00 AM,06/11/2023 12:00:00 AM,1730
232112616,08/07/2023 12:00:00 AM,08/07/2023 12:00:00 AM,740
231819491,11/17/2023 12:00:00 AM,11/16/2023 12:00:00 AM,1830
231607586,04/23/2023 12:00:00 AM,04/22/2023 12:00:00 AM,2315
231811037,05/27/2023 12:00:00 AM,05/27/2023 12:00:00 AM,410
231609072,06/11/2023 12:00:00 AM,06/10/2023 12:00:00 AM,2159
230914948,10/05/2023 12:00:00 AM,10/05/2023 12:00:00 AM,645
231713955,08/16/2023 12:00:00 AM,08/16/2023 12:00:00 AM,845
231116603,12/07/2023 12:00:00 AM,12/06/2023 12:00:00 AM,2000
231818373,10/24/2023 12:00:00 AM,10/24/2023 12:00:00 AM,1820
231017623,12/27/2023 12:00:00 AM,12/27/2023 12:00:00 AM,130
231708408,03/08/2023 12:00:00 AM,03/08/2023 12:00:00 AM,1330
231713629,08/06/2023 12:00:00 AM,08/06/2023 12:00:00 AM,1045
230511112,07/15/2023 12:00:00 AM,07/15/2023 12:00:00 AM,1700
230219885,10/28/2023 12:00:00 AM,10/26/2023 12:00:00 AM,2100
231613027,10/14/2023 12:00:00 AM,10/14/2023 12:00:00 AM,1130
231713400,08/01/2023 12:00:00 AM,06/30/2023 12:00:00 AM,2050
230405751,02/23/2023 12:00:00 AM,02/06/2023 12:00:00 AM,430
231711663,05/27/2023 12:00:00 AM,05/27/2023 12:00:00 AM,1150
231519444,12/23/2023 12:00:00 AM,12/23/2023 12:00:00 AM,1450
231810134,05/08/2023 12:00:00 AM,05/08/2023 12:00:00 AM,2130
231010982,07/03/2023 12:00:00 AM,07/03/2023 12:00:00 AM,1300
231704060,01/02/2023 12:00:00 AM,01/02/2023 12:00:00 AM,950
231708400,04/05/2023 12:00:00 AM,04/05/2023 12:00:00 AM,1111
231314433,07/24/2023 12:00:00 AM,07/24/2023 12:00:00 AM,1015
230414092,11/04/2023 12:00:00 AM,11/04/2023 12:00:00 AM,1145
231519460,12/24/2023 12:00:00 AM,12/23/2023 12:00:00 AM,1600
230904481,01/13/2023 12:00:00 AM,01/13/2023 12:00:00 AM,1325
230410776,07/26/2023 12:00:00 AM,07/26/2023 12:00:00 AM,1900
230126178,12/12/2023 12:00:00 AM,12/06/2023 12:00:00 AM,130
232112542,08/04/2023 12:00:00 AM,08/04/2023 12:00:00 AM,1500
230916150,11/08/2023 12:00:00 AM,04/19/2023 12:00:00 AM,1200
230708610,04/18/2023 12:00:00 AM,04/17/2023 12:00:00 AM,2200
230318982,10/30/2023 12:00:00 AM,10/30/2023 12:00:00 AM,511
232106560,03/09/2023 12:00:00 AM,03/09/2023 12:00:00 AM,1040
231008975,05/10/2023 12:00:00 AM,05/03/2023 12:00:00 AM,1130
230506390,03/05/2023 12:00:00 AM,03/05/2023 12:00:00 AM,1035
231614760,12/07/2023 12:00:00 AM,12/07/2023 12:00:00 AM,1250
231611666,08/29/2023 12:00:00 AM,08/29/2023 12:00:00 AM,2115
230908661,04/26/2023 12:00:00 AM,04/26/2023 12:00:00 AM,1430
231715086,08/05/2023 12:00:00 AM,08/05/2023 12:00:00 AM,930
230204067,01/02/2023 12:00:00 AM,01/02/2023 12:00:00 AM,1815
231517566,11/14/2023 12:00:00 AM,11/14/2023 12:00:00 AM,1200
230412959,09/30/2023 12:00:00 AM,09/30/2023 12:00:00 AM,1400
230125112,11/28/2023 12:00:00 AM,11/28/2023 12:00:00 AM,1910
231908276,03/25/2023 12:00:00 AM,02/14/2023 12:00:00 AM,1400
231111078,07/12/2023 12:00:00 AM,07/11/2023 12:00:00 AM,1400
231517120,11/05/2023 12:00:00 AM,11/05/2023 12:00:00 AM,1850
232007397,03/26/2023 12:00:00 AM,03/26/2023 12:00:00 AM,640
230413502,10/18/2023 12:00:00 AM,10/18/2023 12:00:00 AM,740
230911475,07/06/2023 12:00:00 AM,07/06/2023 12:00:00 AM,1010
231516679,10/26/2023 12:00:00 AM,10/20/2023 12:00:00 AM,1930
231814352,08/01/2023 12:00:00 AM,08/01/2023 12:00:00 AM,1400
230512612,08/23/2023 12:00:00 AM,08/23/2023 12:00:00 AM,500
230317039,09/21/2023 12:00:00 AM,09/21/2023 12:00:00 AM,1045
231708375,03/22/2023 12:00:00 AM,03/22/2023 12:00:00 AM,1650
231705504,02/07/2023 12:00:00 AM,01/30/2023 12:00:00 AM,600
231705198,01/30/2023 12:00:00 AM,01/30/2023 12:00:00 AM,1730
230209595,04/25/2023 12:00:00 AM,04/25/2023 12:00:00 AM,930
231812794,07/02/2023 12:00:00 AM,07/01/2023 12:00:00 AM,2340
231316013,08/22/2023 12:00:00 AM,08/22/2023 12:00:00 AM,751
231014010,09/21/2023 12:00:00 AM,09/21/2023 12:00:00 AM,1200
231014517,10/06/2023 12:00:00 AM,10/06/2023 12:00:00 AM,1
231014643,10/10/2023 12:00:00 AM,10/10/2023 12:00:00 AM,1445
231612643,10/01/2023 12:00:00 AM,10/01/2023 12:00:00 AM,900
231014456,10/04/2023 12:00:00 AM,10/04/2023 12:00:00 AM,1430
231905211,02/01/2023 12:00:00 AM,01/30/2023 12:00:00 AM,1130
231010957,06/30/2023 12:00:00 AM,06/29/2023 12:00:00 AM,1904
231604140,01/06/2023 12:00:00 AM,01/05/2023 12:00:00 AM,1520
231316011,08/22/2023 12:00:00 AM,08/22/2023 12:00:00 AM,751
231224967,12/15/2023 12:00:00 AM,12/15/2023 12:00:00 AM,855
231017621,12/26/2023 12:00:00 AM,12/24/2023 12:00:00 AM,1300
231311103,05/21/2023 12:00:00 AM,05/21/2023 12:00:00 AM,2120
232111190,07/02/2023 12:00:00 AM,06/30/2023 12:00:00 AM,1400
232111397,07/08/2023 12:00:00 AM,07/07/2023 12:00:00 AM,2310
230215159,08/07/2023 12:00:00 AM,08/07/2023 12:00:00 AM,2040
231012366,08/09/2023 12:00:00 AM,07/27/2023 12:00:00 AM,1823
231014069,09/21/2023 12:00:00 AM,09/07/2023 12:00:00 AM,2200
232111705,07/17/2023 12:00:00 AM,07/16/2023 12:00:00 AM,2325
231006057,02/21/2023 12:00:00 AM,02/21/2023 12:00:00 AM,1650
231517690,11/16/2023 12:00:00 AM,11/15/2023 12:00:00 AM,1945
232112954,08/16/2023 12:00:00 AM,08/16/2023 12:00:00 AM,2115
231807032,03/01/2023 12:00:00 AM,03/01/2023 12:00:00 AM,1630
230507651,04/11/2023 12:00:00 AM,04/11/2023 12:00:00 AM,2110
230405297,02/09/2023 12:00:00 AM,02/08/2023 12:00:00 AM,1030
230410059,07/03/2023 12:00:00 AM,07/03/2023 12:00:00 AM,800
231810210,05/10/2023 12:00:00 AM,05/10/2023 12:00:00 AM,1430
232011695,06/17/2023 12:00:00 AM,06/17/2023 12:00:00 AM,2140
231612044,09/11/2023 12:00:00 AM,09/10/2023 12:00:00 AM,2350
231605461,02/14/2023 12:00:00 AM,02/14/2023 12:00:00 AM,730
231812733,06/30/2023 12:00:00 AM,06/30/2023 12:00:00 AM,1840
231000656,04/29/2023 12:00:00 AM,04/29/2023 12:00:00 AM,838
232112504,08/04/2023 12:00:00 AM,08/02/2023 12:00:00 AM,1549
232004799,01/23/2023 12:00:00 AM,01/23/2023 12:00:00 AM,805
232116171,11/07/2023 12:00:00 AM,11/07/2023 12:00:00 AM,1430
231109760,06/04/2023 12:00:00 AM,06/03/2023 12:00:00 AM,2044
231716317,10/07/2023 12:00:00 AM,10/01/2023 12:00:00 AM,2000
230612928,07/24/2023 12:00:00 AM,07/24/2023 12:00:00 AM,1120
231016699,12/03/2023 12:00:00 AM,12/03/2023 12:00:00 AM,1500
231607333,04/16/2023 12:00:00 AM,04/16/2023 12:00:00 AM,2330
231806049,02/08/2023 12:00:00 AM,02/08/2023 12:00:00 AM,2000
231704401,01/07/2023 12:00:00 AM,01/07/2023 12:00:00 AM,1400
230321702,12/21/2023 12:00:00 AM,12/21/2023 12:00:00 AM,1710
231111514,07/23/2023 12:00:00 AM,07/22/2023 12:00:00 AM,45
231804644,01/11/2023 12:00:00 AM,01/11/2023 12:00:00 AM,10
230314308,07/30/2023 12:00:00 AM,07/30/2023 12:00:00 AM,1000
231006097,02/23/2023 12:00:00 AM,02/23/2023 12:00:00 AM,920
231314435,07/23/2023 12:00:00 AM,07/23/2023 12:00:00 AM,900
241604422,01/14/2024 12:00:00 AM,01/13/2024 12:00:00 AM,1150
232113064,08/18/2023 12:00:00 AM,06/23/2023 12:00:00 AM,700
231015110,10/24/2023 12:00:00 AM,10/24/2023 12:00:00 AM,1040
231609979,07/11/2023 12:00:00 AM,06/29/2023 12:00:00 AM,1800
230405594,02/17/2023 12:00:00 AM,02/17/2023 12:00:00 AM,1630
230405838,02/25/2023 12:00:00 AM,02/25/2023 12:00:00 AM,1830
230314318,07/30/2023 12:00:00 AM,07/30/2023 12:00:00 AM,1930
230204282,01/07/2023 12:00:00 AM,01/07/2023 12:00:00 AM,1855
230410022,07/03/2023 12:00:00 AM,07/03/2023 12:00:00 AM,730
231913577,08/31/2023 12:00:00 AM,08/31/2023 12:00:00 AM,1430
231609658,06/29/2023 12:00:00 AM,06/29/2023 12:00:00 AM,915
231015940,11/15/2023 12:00:00 AM,11/14/2023 12:00:00 AM,2200
231316012,08/22/2023 12:00:00 AM,08/22/2023 12:00:00 AM,751
231607590,04/23/2023 12:00:00 AM,04/23/2023 12:00:00 AM,1830
231605864,02/28/2023 12:00:00 AM,02/28/2023 12:00:00 AM,1450
231516752,10/28/2023 12:00:00 AM,10/27/2023 12:00:00 AM,1530
231514146,08/29/2023 12:00:00 AM,08/29/2023 12:00:00 AM,1815
231225592,12/25/2023 12:00:00 AM,12/25/2023 12:00:00 AM,900
231517565,11/14/2023 12:00:00 AM,11/13/2023 12:00:00 AM,2030
230222877,12/20/2023 12:00:00 AM,12/19/2023 12:00:00 AM,2352
231011111,07/06/2023 12:00:00 AM,05/14/2023 12:00:00 AM,1247
230912775,08/09/2023 12:00:00 AM,08/08/2023 12:00:00 AM,1500
231314663,07/28/2023 12:00:00 AM,07/28/2023 12:00:00 AM,1310
231605341,02/09/2023 12:00:00 AM,02/08/2023 12:00:00 AM,2200
231701287,10/10/2023 12:00:00 AM,05/30/2023 12:00:00 AM,1
231904585,01/16/2023 12:00:00 AM,01/15/2023 12:00:00 AM,1520
231611786,09/01/2023 12:00:00 AM,09/01/2023 12:00:00 AM,1812
241904192,01/06/2024 12:00:00 AM,01/06/2024 12:00:00 AM,1515
241905052,01/28/2024 12:00:00 AM,01/28/2024 12:00:00 AM,245
242109046,05/12/2024 12:00:00 AM,05/12/2024 12:00:00 AM,2130
240205671,01/31/2024 12:00:00 AM,01/31/2024 12:00:00 AM,1730
241509776,04/29/2024 12:00:00 AM,04/29/2024 12:00:00 AM,2130
241608142,05/10/2024 12:00:00 AM,05/10/2024 12:00:00 AM,1358
241908406,04/29/2024 12:00:00 AM,04/29/2024 12:00:00 AM,2105
242104695,01/17/2024 12:00:00 AM,01/17/2024 12:00:00 AM,1630
240309995,04/29/2024 12:00:00 AM,04/26/2024 12:00:00 AM,1630
241404334,01/07/2024 12:00:00 AM,01/07/2024 12:00:00 AM,1522
242108727,05/03/2024 12:00:00 AM,05/03/2024 12:00:00 AM,856
241508092,03/24/2024 12:00:00 AM,03/24/2024 12:00:00 AM,1530
241606778,03/29/2024 12:00:00 AM,03/29/2024 12:00:00 AM,544
241607462,04/21/2024 12:00:00 AM,04/21/2024 12:00:00 AM,130
242004324,01/10/2024 12:00:00 AM,01/10/2024 12:00:00 AM,1855
242107167,03/22/2024 12:00:00 AM,03/22/2024 12:00:00 AM,930
242007745,03/26/2024 12:00:00 AM,03/26/2024 12:00:00 AM,1948
242004608,01/18/2024 12:00:00 AM,01/18/2024 12:00:00 AM,645
241905663,02/13/2024 12:00:00 AM,02/13/2024 12:00:00 AM,1510
241508513,04/02/2024 12:00:00 AM,04/01/2024 12:00:00 AM,1300
241605638,02/23/2024 12:00:00 AM,02/23/2024 12:00:00 AM,530
240905757,02/19/2024 12:00:00 AM,02/16/2024 12:00:00 AM,1315
241506594,02/23/2024 12:00:00 AM,02/02/2024 12:00:00 AM,1400
241807606,03/17/2024 12:00:00 AM,03/17/2024 12:00:00 AM,945
241106656,03/09/2024 12:00:00 AM,03/09/2024 12:00:00 AM,1830
241608137,05/10/2024 12:00:00 AM,05/10/2024 12:00:00 AM,1405
241305264,01/27/2024 12:00:00 AM,01/27/2024 12:00:00 AM,255
240307898,03/18/2024 12:00:00 AM,03/16/2024 12:00:00 AM,1545
241105740,02/15/2024 12:00:00 AM,02/14/2024 12:00:00 AM,113
240606283,02/18/2024 12:00:00 AM,02/18/2024 12:00:00 AM,1300
241906291,02/29/2024 12:00:00 AM,02/29/2024 12:00:00 AM,1500
241606839,03/31/2024 12:00:00 AM,03/31/2024 12:00:00 AM,1440
242106912,03/15/2024 12:00:00 AM,03/15/2024 12:00:00 AM,730
241807102,03/06/2024 12:00:00 AM,03/06/2024 12:00:00 AM,800
241905424,02/06/2024 12:00:00 AM,02/05/2024 12:00:00 AM,2020
241908471,05/01/2024 12:00:00 AM,05/01/2024 12:00:00 AM,800
241904838,01/22/2024 12:00:00 AM,01/22/2024 12:00:00 AM,1800
241508885,04/10/2024 12:00:00 AM,04/09/2024 12:00:00 AM,1200
240806947,03/14/2024 12:00:00 AM,03/10/2024 12:00:00 AM,2155
241805629,02/03/2024 12:00:00 AM,02/03/2024 12:00:00 AM,1400
240104128,01/01/2024 12:00:00 AM,01/01/2024 12:00:00 AM,1210
241608136,05/10/2024 12:00:00 AM,05/10/2024 12:00:00 AM,1158
240704755,01/17/2024 12:00:00 AM,01/17/2024 12:00:00 AM,2150
241506147,02/14/2024 12:00:00 AM,02/14/2024 12:00:00 AM,816
241006547,03/11/2024 12:00:00 AM,03/11/2024 12:00:00 AM,720
241805875,02/09/2024 12:00:00 AM,02/09/2024 12:00:00 AM,130
221905982,02/20/2022 12:00:00 AM,02/20/2020 12:00:00 AM,1500
240904134,01/04/2024 12:00:00 AM,03/01/2020 12:00:00 AM,900
222111399,07/07/2022 12:00:00 AM,08/21/2020 12:00:00 AM,1
200514277,09/17/2020 12:00:00 AM,09/17/2020 12:00:00 AM,2255
202112082,07/28/2020 12:00:00 AM,07/25/2020 12:00:00 AM,1400
200304583,01/10/2020 12:00:00 AM,01/10/2020 12:00:00 AM,705
201908081,03/26/2020 12:00:00 AM,03/25/2020 12:00:00 AM,1200
200414791,11/11/2020 12:00:00 AM,11/11/2020 12:00:00 AM,1400
201711086,07/14/2020 12:00:00 AM,07/14/2020 12:00:00 AM,1040
201916638,11/06/2020 12:00:00 AM,11/06/2020 12:00:00 AM,915
200322320,12/27/2020 12:00:00 AM,12/27/2020 12:00:00 AM,2030
201006193,02/19/2020 12:00:00 AM,02/19/2020 12:00:00 AM,745
201909009,04/23/2020 12:00:00 AM,04/21/2020 12:00:00 AM,1030
201812021,06/02/2020 12:00:00 AM,06/02/2020 12:00:00 AM,800
201810544,05/03/2020 12:00:00 AM,05/03/2020 12:00:00 AM,1300
200308248,03/08/2020 12:00:00 AM,03/07/2020 12:00:00 AM,1320
211404170,01/04/2021 12:00:00 AM,12/29/2020 12:00:00 AM,2145
200404677,01/18/2020 12:00:00 AM,01/18/2020 12:00:00 AM,1215
202106717,02/28/2020 12:00:00 AM,02/28/2020 12:00:00 AM,435
201305831,02/01/2020 12:00:00 AM,02/01/2020 12:00:00 AM,1545
200320020,11/07/2020 12:00:00 AM,11/07/2020 12:00:00 AM,1030
200319949,11/05/2020 12:00:00 AM,11/05/2020 12:00:00 AM,1925
201213840,05/30/2020 12:00:00 AM,05/30/2020 12:00:00 AM,1000
202018808,12/25/2020 12:00:00 AM,12/25/2020 12:00:00 AM,2045
200204264,01/06/2020 12:00:00 AM,01/06/2020 12:00:00 AM,1340
201710702,07/02/2020 12:00:00 AM,07/02/2020 12:00:00 AM,1930
200512437,07/29/2020 12:00:00 AM,07/29/2020 12:00:00 AM,945
201913416,08/17/2020 12:00:00 AM,08/17/2020 12:00:00 AM,2030
201917995,12/12/2020 12:00:00 AM,12/09/2020 12:00:00 AM,1922
201812213,06/06/2020 12:00:00 AM,06/06/2020 12:00:00 AM,2235
201806390,02/11/2020 12:00:00 AM,02/11/2020 12:00:00 AM,1050
200514316,09/18/2020 12:00:00 AM,09/18/2020 12:00:00 AM,1825
211904009,12/31/2020 12:00:00 AM,12/31/2020 12:00:00 AM,1740
201808921,03/29/2020 12:00:00 AM,03/29/2020 12:00:00 AM,2020
201907729,03/16/2020 12:00:00 AM,03/16/2020 12:00:00 AM,900
201812672,06/17/2020 12:00:00 AM,06/17/2020 12:00:00 AM,1030
